period,date,winningNumber
2004001,2004-11-14,9288
2004002,2004-11-16,1738
2004003,2004-11-19,1832
2004004,2004-11-21,4324
2004005,2004-11-22,5415
2004006,2004-11-23,2622
2004007,2004-11-24,3074
2004008,2004-11-25,2269
2004009,2004-11-26,4180
2004010,2004-11-27,2746
2004011,2004-11-28,3641
2004012,2004-11-29,3056
2004013,2004-11-30,0323
2004014,2004-12-01,3591
2004015,2004-12-02,5987
2004016,2004-12-03,4451
2004017,2004-12-04,1931
2004018,2004-12-05,1299
2004019,2004-12-06,7114
2004020,2004-12-07,1093
2004021,2004-12-08,3938
2004022,2004-12-09,5919
2004023,2004-12-10,8719
2004024,2004-12-11,8867
2004025,2004-12-12,6186
2004026,2004-12-13,6217
2004027,2004-12-14,3633
2004028,2004-12-15,0751
2004029,2004-12-16,2561
2004030,2004-12-17,1206
2004031,2004-12-18,3621
2004032,2004-12-19,3787
2004033,2004-12-20,5050
2004034,2004-12-21,9952
2004035,2004-12-22,3748
2004036,2004-12-23,0090
2004037,2004-12-24,3259
2004038,2004-12-25,4253
2004039,2004-12-26,8021
2004040,2004-12-27,5664
2004041,2004-12-28,8140
2004042,2004-12-29,7802
2004043,2004-12-30,7043
2004044,2004-12-31,3821
2005001,2005-01-01,0549
2005002,2005-01-02,3661
2005003,2005-01-03,4313
2005004,2005-01-04,6747
2005005,2005-01-05,2995
2005006,2005-01-06,4205
2005007,2005-01-07,4351
2005008,2005-01-08,2812
2005009,2005-01-09,8698
2005010,2005-01-10,4167
2005011,2005-01-11,2045
2005012,2005-01-12,1966
2005013,2005-01-13,6132
2005014,2005-01-14,0854
2005015,2005-01-15,3674
2005016,2005-01-16,6657
2005017,2005-01-17,1574
2005018,2005-01-18,0559
2005019,2005-01-19,5747
2005020,2005-01-20,9224
2005021,2005-01-21,0014
2005022,2005-01-22,9382
2005023,2005-01-23,0802
2005024,2005-01-24,3125
2005025,2005-01-25,7559
2005026,2005-01-26,2771
2005027,2005-01-27,0144
2005028,2005-01-28,8620
2005029,2005-01-29,6287
2005030,2005-01-30,4592
2005031,2005-01-31,5040
2005032,2005-02-01,3618
2005033,2005-02-02,5909
2005034,2005-02-03,1863
2005035,2005-02-04,8302
2005036,2005-02-05,9423
2005037,2005-02-06,7084
2005038,2005-02-07,3196
2005039,2005-02-08,0288
2005040,2005-02-16,0479
2005041,2005-02-17,1338
2005042,2005-02-18,2341
2005043,2005-02-19,8458
2005044,2005-02-20,9559
2005045,2005-02-21,4006
2005046,2005-02-22,5453
2005047,2005-02-23,4291
2005048,2005-02-24,7610
2005049,2005-02-25,7909
2005050,2005-02-26,1041
2005051,2005-02-27,2476
2005052,2005-02-28,3068
2005053,2005-03-01,1753
2005054,2005-03-02,5190
2005055,2005-03-03,0144
2005056,2005-03-04,6002
2005057,2005-03-05,8132
2005058,2005-03-06,3534
2005059,2005-03-07,9836
2005060,2005-03-08,9606
2005061,2005-03-09,9122
2005062,2005-03-10,7966
2005063,2005-03-11,1816
2005064,2005-03-12,9695
2005065,2005-03-13,8952
2005066,2005-03-14,6267
2005067,2005-03-15,1691
2005068,2005-03-16,9036
2005069,2005-03-17,7431
2005070,2005-03-18,9843
2005071,2005-03-19,9170
2005072,2005-03-20,2569
2005073,2005-03-21,2329
2005074,2005-03-22,0061
2005075,2005-03-23,7005
2005076,2005-03-24,4187
2005077,2005-03-25,6488
2005078,2005-03-26,8427
2005079,2005-03-27,9592
2005080,2005-03-28,4951
2005081,2005-03-29,2505
2005082,2005-03-30,2166
2005083,2005-03-31,7025
2005084,2005-04-01,2772
2005085,2005-04-02,9423
2005086,2005-04-03,6359
2005087,2005-04-04,1558
2005088,2005-04-05,1441
2005089,2005-04-06,0919
2005090,2005-04-07,0656
2005091,2005-04-08,1024
2005092,2005-04-09,2994
2005093,2005-04-10,8616
2005094,2005-04-11,1121
2005095,2005-04-12,0614
2005096,2005-04-13,9351
2005097,2005-04-14,0856
2005098,2005-04-15,6700
2005099,2005-04-16,6956
2005100,2005-04-17,1270
2005101,2005-04-18,3204
2005102,2005-04-19,4312
2005103,2005-04-20,8733
2005104,2005-04-21,6817
2005105,2005-04-22,3632
2005106,2005-04-23,5405
2005107,2005-04-24,8383
2005108,2005-04-25,3841
2005109,2005-04-26,6106
2005110,2005-04-27,4174
2005111,2005-04-28,0615
2005112,2005-04-29,2982
2005113,2005-04-30,0050
2005114,2005-05-01,8920
2005115,2005-05-02,6260
2005116,2005-05-03,5697
2005117,2005-05-04,9928
2005118,2005-05-05,5932
2005119,2005-05-06,1111
2005120,2005-05-07,1623
2005121,2005-05-08,7299
2005122,2005-05-09,5429
2005123,2005-05-10,9748
2005124,2005-05-11,2192
2005125,2005-05-12,5084
2005126,2005-05-13,5346
2005127,2005-05-14,4452
2005128,2005-05-15,1628
2005129,2005-05-16,7074
2005130,2005-05-17,5465
2005131,2005-05-18,6635
2005132,2005-05-19,8365
2005133,2005-05-20,7590
2005134,2005-05-21,7041
2005135,2005-05-22,7450
2005136,2005-05-23,9282
2005137,2005-05-24,2533
2005138,2005-05-25,0145
2005139,2005-05-26,4620
2005140,2005-05-27,8942
2005141,2005-05-28,1680
2005142,2005-05-29,3063
2005143,2005-05-30,2071
2005144,2005-05-31,5743
2005145,2005-06-01,0572
2005146,2005-06-02,1093
2005147,2005-06-03,1212
2005148,2005-06-04,9796
2005149,2005-06-05,8997
2005150,2005-06-06,5243
2005151,2005-06-07,9908
2005152,2005-06-08,9279
2005153,2005-06-09,8664
2005154,2005-06-10,7769
2005155,2005-06-11,0242
2005156,2005-06-12,1194
2005157,2005-06-13,5984
2005158,2005-06-14,8767
2005159,2005-06-15,1079
2005160,2005-06-16,7262
2005161,2005-06-17,2213
2005162,2005-06-18,9671
2005163,2005-06-19,6454
2005164,2005-06-20,0013
2005165,2005-06-21,3981
2005166,2005-06-22,7368
2005167,2005-06-23,7116
2005168,2005-06-24,9078
2005169,2005-06-25,2634
2005170,2005-06-26,1954
2005171,2005-06-27,1651
2005172,2005-06-28,9976
2005173,2005-06-29,2070
2005174,2005-06-30,8762
2005175,2005-07-01,9330
2005176,2005-07-02,9374
2005177,2005-07-03,7052
2005178,2005-07-04,0044
2005179,2005-07-05,0435
2005180,2005-07-06,3954
2005181,2005-07-07,4025
2005182,2005-07-08,4693
2005183,2005-07-09,1731
2005184,2005-07-10,8844
2005185,2005-07-11,4394
2005186,2005-07-12,2021
2005187,2005-07-13,9130
2005188,2005-07-14,6290
2005189,2005-07-15,4030
2005190,2005-07-16,4261
2005191,2005-07-17,5061
2005192,2005-07-18,6249
2005193,2005-07-19,9999
2005194,2005-07-20,4943
2005195,2005-07-21,5267
2005196,2005-07-22,0056
2005197,2005-07-23,7888
2005198,2005-07-24,7496
2005199,2005-07-25,7941
2005200,2005-07-26,9988
2005201,2005-07-27,0453
2005202,2005-07-28,3308
2005203,2005-07-29,8193
2005204,2005-07-30,5066
2005205,2005-07-31,8752
2005206,2005-08-01,9582
2005207,2005-08-02,8677
2005208,2005-08-03,5402
2005209,2005-08-04,3166
2005210,2005-08-05,5436
2005211,2005-08-06,5342
2005212,2005-08-07,7803
2005213,2005-08-08,9620
2005214,2005-08-09,1691
2005215,2005-08-10,2365
2005216,2005-08-11,8562
2005217,2005-08-12,5554
2005218,2005-08-13,7249
2005219,2005-08-14,2169
2005220,2005-08-15,8027
2005221,2005-08-16,8703
2005222,2005-08-17,8956
2005223,2005-08-18,5392
2005224,2005-08-19,5671
2005225,2005-08-20,3099
2005226,2005-08-21,2930
2005227,2005-08-22,2644
2005228,2005-08-23,7254
2005229,2005-08-24,8135
2005230,2005-08-25,7849
2005231,2005-08-26,0771
2005232,2005-08-27,7494
2005233,2005-08-28,9349
2005234,2005-08-29,1229
2005235,2005-08-30,8563
2005236,2005-08-31,5377
2005237,2005-09-01,6003
2005238,2005-09-02,4635
2005239,2005-09-03,3469
2005240,2005-09-04,5174
2005241,2005-09-05,8327
2005242,2005-09-06,2892
2005243,2005-09-07,9494
2005244,2005-09-08,8943
2005245,2005-09-09,8270
2005246,2005-09-10,5971
2005247,2005-09-11,3109
2005248,2005-09-12,4819
2005249,2005-09-13,5217
2005250,2005-09-14,0372
2005251,2005-09-15,8181
2005252,2005-09-16,0855
2005253,2005-09-17,4423
2005254,2005-09-18,3020
2005255,2005-09-19,9590
2005256,2005-09-20,5391
2005257,2005-09-21,0267
2005258,2005-09-22,9763
2005259,2005-09-23,9718
2005260,2005-09-24,4892
2005261,2005-09-25,6146
2005262,2005-09-26,2408
2005263,2005-09-27,8461
2005264,2005-09-28,8075
2005265,2005-09-29,6969
2005266,2005-09-30,1075
2005267,2005-10-01,5845
2005268,2005-10-02,8553
2005269,2005-10-03,3274
2005270,2005-10-04,9090
2005271,2005-10-05,5664
2005272,2005-10-06,9810
2005273,2005-10-07,7268
2005274,2005-10-08,5269
2005275,2005-10-09,4703
2005276,2005-10-10,8629
2005277,2005-10-11,0750
2005278,2005-10-12,6924
2005279,2005-10-13,2540
2005280,2005-10-14,8998
2005281,2005-10-15,5763
2005282,2005-10-16,5490
2005283,2005-10-17,1842
2005284,2005-10-18,3808
2005285,2005-10-19,6548
2005286,2005-10-20,8532
2005287,2005-10-21,7874
2005288,2005-10-22,4875
2005289,2005-10-23,3048
2005290,2005-10-24,8030
2005291,2005-10-25,3712
2005292,2005-10-26,4361
2005293,2005-10-27,0403
2005294,2005-10-28,8207
2005295,2005-10-29,8932
2005296,2005-10-30,7169
2005297,2005-10-31,3191
2005298,2005-11-01,6089
2005299,2005-11-02,7561
2005300,2005-11-03,9666
2005301,2005-11-04,6354
2005302,2005-11-05,7476
2005303,2005-11-06,5767
2005304,2005-11-07,8632
2005305,2005-11-08,5788
2005306,2005-11-09,3905
2005307,2005-11-10,9686
2005308,2005-11-11,1298
2005309,2005-11-12,5246
2005310,2005-11-13,0151
2005311,2005-11-14,4506
2005312,2005-11-15,7568
2005313,2005-11-16,7282
2005314,2005-11-17,8607
2005315,2005-11-18,6705
2005316,2005-11-19,7418
2005317,2005-11-20,8464
2005318,2005-11-21,0694
2005319,2005-11-22,8240
2005320,2005-11-23,0844
2005321,2005-11-24,8053
2005322,2005-11-25,2742
2005323,2005-11-26,3395
2005324,2005-11-27,5788
2005325,2005-11-28,4723
2005326,2005-11-29,5087
2005327,2005-11-30,7351
2005328,2005-12-01,4639
2005329,2005-12-02,1175
2005330,2005-12-03,1497
2005331,2005-12-04,7901
2005332,2005-12-05,1875
2005333,2005-12-06,3410
2005334,2005-12-07,6724
2005335,2005-12-08,7819
2005336,2005-12-09,6938
2005337,2005-12-10,4618
2005338,2005-12-11,2365
2005339,2005-12-12,4404
2005340,2005-12-13,6785
2005341,2005-12-14,3024
2005342,2005-12-15,3851
2005343,2005-12-16,8769
2005344,2005-12-17,9499
2005345,2005-12-18,7866
2005346,2005-12-19,2925
2005347,2005-12-20,1724
2005348,2005-12-21,3232
2005349,2005-12-22,4923
2005350,2005-12-23,2376
2005351,2005-12-24,2392
2005352,2005-12-25,5629
2005353,2005-12-26,0952
2005354,2005-12-27,0149
2005355,2005-12-28,0124
2005356,2005-12-29,4394
2005357,2005-12-30,4151
2005358,2005-12-31,3976
2006001,2006-01-01,1844
2006002,2006-01-02,2990
2006003,2006-01-03,0120
2006004,2006-01-04,9402
2006005,2006-01-05,1856
2006006,2006-01-06,5982
2006007,2006-01-07,5616
2006008,2006-01-08,4893
2006009,2006-01-09,8030
2006010,2006-01-10,5381
2006011,2006-01-11,7551
2006012,2006-01-12,6526
2006013,2006-01-13,7770
2006014,2006-01-14,6783
2006015,2006-01-15,4460
2006016,2006-01-16,5191
2006017,2006-01-17,9254
2006018,2006-01-18,9168
2006019,2006-01-19,1993
2006020,2006-01-20,7109
2006021,2006-01-21,4381
2006022,2006-01-22,1645
2006023,2006-01-23,2157
2006024,2006-01-24,1636
2006025,2006-01-25,7078
2006026,2006-01-26,9989
2006027,2006-01-27,4043
2006028,2006-02-05,5470
2006029,2006-02-06,7061
2006030,2006-02-07,0865
2006031,2006-02-08,6751
2006032,2006-02-09,6992
2006033,2006-02-10,5496
2006034,2006-02-11,4654
2006035,2006-02-12,6478
2006036,2006-02-13,1544
2006037,2006-02-14,2365
2006038,2006-02-15,3743
2006039,2006-02-16,5879
2006040,2006-02-17,8769
2006041,2006-02-18,8532
2006042,2006-02-19,0281
2006043,2006-02-20,4454
2006044,2006-02-21,0260
2006045,2006-02-22,1878
2006046,2006-02-23,5687
2006047,2006-02-24,6942
2006048,2006-02-25,5648
2006049,2006-02-26,4899
2006050,2006-02-27,8744
2006051,2006-02-28,8739
2006052,2006-03-01,5013
2006053,2006-03-02,6987
2006054,2006-03-03,9097
2006055,2006-03-04,1409
2006056,2006-03-05,8989
2006057,2006-03-06,7912
2006058,2006-03-07,6003
2006059,2006-03-08,9903
2006060,2006-03-09,0626
2006061,2006-03-10,2242
2006062,2006-03-11,7610
2006063,2006-03-12,4588
2006064,2006-03-13,9832
2006065,2006-03-14,9215
2006066,2006-03-15,9671
2006067,2006-03-16,1492
2006068,2006-03-17,0034
2006069,2006-03-18,0825
2006070,2006-03-19,4153
2006071,2006-03-20,2027
2006072,2006-03-21,4207
2006073,2006-03-22,2039
2006074,2006-03-23,2924
2006075,2006-03-24,8442
2006076,2006-03-25,2246
2006077,2006-03-26,2015
2006078,2006-03-27,2868
2006079,2006-03-28,7144
2006080,2006-03-29,5442
2006081,2006-03-30,4343
2006082,2006-03-31,6712
2006083,2006-04-01,9729
2006084,2006-04-02,2769
2006085,2006-04-03,4959
2006086,2006-04-04,1628
2006087,2006-04-05,9475
2006088,2006-04-06,6424
2006089,2006-04-07,4921
2006090,2006-04-08,8776
2006091,2006-04-09,5333
2006092,2006-04-10,4446
2006093,2006-04-11,8247
2006094,2006-04-12,0109
2006095,2006-04-13,3043
2006096,2006-04-14,2750
2006097,2006-04-15,9382
2006098,2006-04-16,6601
2006099,2006-04-17,8265
2006100,2006-04-18,4518
2006101,2006-04-19,4300
2006102,2006-04-20,2601
2006103,2006-04-21,2238
2006104,2006-04-22,6168
2006105,2006-04-23,5199
2006106,2006-04-24,5339
2006107,2006-04-25,1904
2006108,2006-04-26,6969
2006109,2006-04-27,3087
2006110,2006-04-28,4371
2006111,2006-04-29,2181
2006112,2006-04-30,4993
2006113,2006-05-01,6014
2006114,2006-05-02,9978
2006115,2006-05-03,2594
2006116,2006-05-04,3326
2006117,2006-05-05,9993
2006118,2006-05-06,8902
2006119,2006-05-07,9007
2006120,2006-05-08,3322
2006121,2006-05-09,5751
2006122,2006-05-10,5208
2006123,2006-05-11,2491
2006124,2006-05-12,2617
2006125,2006-05-13,3151
2006126,2006-05-14,2389
2006127,2006-05-15,1034
2006128,2006-05-16,6400
2006129,2006-05-17,9294
2006130,2006-05-18,8080
2006131,2006-05-19,1652
2006132,2006-05-20,0938
2006133,2006-05-21,9897
2006134,2006-05-22,0733
2006135,2006-05-23,7455
2006136,2006-05-24,3910
2006137,2006-05-25,7337
2006138,2006-05-26,0870
2006139,2006-05-27,1720
2006140,2006-05-28,8302
2006141,2006-05-29,9746
2006142,2006-05-30,2662
2006143,2006-05-31,1042
2006144,2006-06-01,1515
2006145,2006-06-02,5887
2006146,2006-06-03,8343
2006147,2006-06-04,7336
2006148,2006-06-05,7601
2006149,2006-06-06,0192
2006150,2006-06-07,0495
2006151,2006-06-08,1817
2006152,2006-06-09,8145
2006153,2006-06-10,9509
2006154,2006-06-11,9487
2006155,2006-06-12,7592
2006156,2006-06-13,6782
2006157,2006-06-14,0384
2006158,2006-06-15,6232
2006159,2006-06-16,5392
2006160,2006-06-17,9868
2006161,2006-06-18,9768
2006162,2006-06-19,2427
2006163,2006-06-20,9947
2006164,2006-06-21,5348
2006165,2006-06-22,3971
2006166,2006-06-23,3736
2006167,2006-06-24,9641
2006168,2006-06-25,2117
2006169,2006-06-26,7943
2006170,2006-06-27,3056
2006171,2006-06-28,2469
2006172,2006-06-29,6876
2006173,2006-06-30,0193
2006174,2006-07-01,4544
2006175,2006-07-02,0015
2006176,2006-07-03,7724
2006177,2006-07-04,9458
2006178,2006-07-05,4659
2006179,2006-07-06,4990
2006180,2006-07-07,5936
2006181,2006-07-08,9590
2006182,2006-07-09,2170
2006183,2006-07-10,4655
2006184,2006-07-11,3401
2006185,2006-07-12,7006
2006186,2006-07-13,4695
2006187,2006-07-14,7137
2006188,2006-07-15,9950
2006189,2006-07-16,3346
2006190,2006-07-17,4194
2006191,2006-07-18,2939
2006192,2006-07-19,3007
2006193,2006-07-20,7483
2006194,2006-07-21,1169
2006195,2006-07-22,9186
2006196,2006-07-23,8485
2006197,2006-07-24,9498
2006198,2006-07-25,1655
2006199,2006-07-26,0290
2006200,2006-07-27,9286
2006201,2006-07-28,7249
2006202,2006-07-29,8918
2006203,2006-07-30,4519
2006204,2006-07-31,8720
2006205,2006-08-01,4810
2006206,2006-08-02,4711
2006207,2006-08-03,9374
2006208,2006-08-04,3683
2006209,2006-08-05,5624
2006210,2006-08-06,2573
2006211,2006-08-07,5526
2006212,2006-08-08,9348
2006213,2006-08-09,4216
2006214,2006-08-10,3403
2006215,2006-08-11,5275
2006216,2006-08-12,8361
2006217,2006-08-13,3532
2006218,2006-08-14,7215
2006219,2006-08-15,5543
2006220,2006-08-16,5464
2006221,2006-08-17,7516
2006222,2006-08-18,2559
2006223,2006-08-19,7601
2006224,2006-08-20,7085
2006225,2006-08-21,8930
2006226,2006-08-22,6086
2006227,2006-08-23,6339
2006228,2006-08-24,6122
2006229,2006-08-25,2665
2006230,2006-08-26,2674
2006231,2006-08-27,0684
2006232,2006-08-28,1626
2006233,2006-08-29,7144
2006234,2006-08-30,4578
2006235,2006-08-31,7322
2006236,2006-09-01,1692
2006237,2006-09-02,7938
2006238,2006-09-03,1662
2006239,2006-09-04,5361
2006240,2006-09-05,2280
2006241,2006-09-06,4328
2006242,2006-09-07,7898
2006243,2006-09-08,4988
2006244,2006-09-09,2224
2006245,2006-09-10,0807
2006246,2006-09-11,9893
2006247,2006-09-12,5282
2006248,2006-09-13,8952
2006249,2006-09-14,1665
2006250,2006-09-15,9593
2006251,2006-09-16,6565
2006252,2006-09-17,1154
2006253,2006-09-18,9785
2006254,2006-09-19,2931
2006255,2006-09-20,4791
2006256,2006-09-21,9986
2006257,2006-09-22,5081
2006258,2006-09-23,8606
2006259,2006-09-24,6289
2006260,2006-09-25,6597
2006261,2006-09-26,7359
2006262,2006-09-27,9172
2006263,2006-09-28,8863
2006264,2006-09-29,6563
2006265,2006-09-30,2288
2006266,2006-10-01,2728
2006267,2006-10-02,2659
2006268,2006-10-03,6384
2006269,2006-10-04,0109
2006270,2006-10-05,3174
2006271,2006-10-06,9441
2006272,2006-10-07,5173
2006273,2006-10-08,3737
2006274,2006-10-09,9089
2006275,2006-10-10,7728
2006276,2006-10-11,1107
2006277,2006-10-12,9079
2006278,2006-10-13,2168
2006279,2006-10-14,9511
2006280,2006-10-15,8088
2006281,2006-10-16,2638
2006282,2006-10-17,4333
2006283,2006-10-18,0233
2006284,2006-10-19,2791
2006285,2006-10-20,8574
2006286,2006-10-21,5646
2006287,2006-10-22,4477
2006288,2006-10-23,1453
2006289,2006-10-24,7814
2006290,2006-10-25,2081
2006291,2006-10-26,4397
2006292,2006-10-27,3384
2006293,2006-10-28,0609
2006294,2006-10-29,4372
2006295,2006-10-30,3316
2006296,2006-10-31,6096
2006297,2006-11-01,6000
2006298,2006-11-02,9720
2006299,2006-11-03,9563
2006300,2006-11-04,2144
2006301,2006-11-05,1998
2006302,2006-11-06,6355
2006303,2006-11-07,7724
2006304,2006-11-08,9910
2006305,2006-11-09,2591
2006306,2006-11-10,6617
2006307,2006-11-11,2785
2006308,2006-11-12,8710
2006309,2006-11-13,8346
2006310,2006-11-14,9992
2006311,2006-11-15,3057
2006312,2006-11-16,3101
2006313,2006-11-17,8301
2006314,2006-11-18,7242
2006315,2006-11-19,0417
2006316,2006-11-20,1336
2006317,2006-11-21,8452
2006318,2006-11-22,6198
2006319,2006-11-23,6556
2006320,2006-11-24,3499
2006321,2006-11-25,4683
2006322,2006-11-26,6646
2006323,2006-11-27,7366
2006324,2006-11-28,8156
2006325,2006-11-29,1435
2006326,2006-11-30,9779
2006327,2006-12-01,3751
2006328,2006-12-02,1693
2006329,2006-12-03,8966
2006330,2006-12-04,7744
2006331,2006-12-05,0907
2006332,2006-12-06,0204
2006333,2006-12-07,7670
2006334,2006-12-08,8933
2006335,2006-12-09,6597
2006336,2006-12-10,4561
2006337,2006-12-11,1264
2006338,2006-12-12,9402
2006339,2006-12-13,0637
2006340,2006-12-14,5313
2006341,2006-12-15,6643
2006342,2006-12-16,7463
2006343,2006-12-17,1833
2006344,2006-12-18,7120
2006345,2006-12-19,0309
2006346,2006-12-20,5663
2006347,2006-12-21,1846
2006348,2006-12-22,1140
2006349,2006-12-23,7358
2006350,2006-12-24,6981
2006351,2006-12-25,1170
2006352,2006-12-26,6913
2006353,2006-12-27,5139
2006354,2006-12-28,3341
2006355,2006-12-29,9143
2006356,2006-12-30,6781
2006357,2006-12-31,5848
2007001,2007-01-01,0382
2007002,2007-01-02,0607
2007003,2007-01-03,8391
2007004,2007-01-04,1630
2007005,2007-01-05,0914
2007006,2007-01-06,8353
2007007,2007-01-07,5412
2007008,2007-01-08,4161
2007009,2007-01-09,2928
2007010,2007-01-10,4532
2007011,2007-01-11,2611
2007012,2007-01-12,4053
2007013,2007-01-13,2529
2007014,2007-01-14,0474
2007015,2007-01-15,9770
2007016,2007-01-16,8787
2007017,2007-01-17,4857
2007018,2007-01-18,2042
2007019,2007-01-19,2193
2007020,2007-01-20,1515
2007021,2007-01-21,7574
2007022,2007-01-22,8964
2007023,2007-01-23,7166
2007024,2007-01-24,9555
2007025,2007-01-25,3193
2007026,2007-01-26,2609
2007027,2007-01-27,3492
2007028,2007-01-28,1196
2007029,2007-01-29,3997
2007030,2007-01-30,2814
2007031,2007-01-31,7040
2007032,2007-02-01,9618
2007033,2007-02-02,8753
2007034,2007-02-03,4941
2007035,2007-02-04,7642
2007036,2007-02-05,0327
2007037,2007-02-06,5076
2007038,2007-02-07,2035
2007039,2007-02-08,0252
2007040,2007-02-09,9482
2007041,2007-02-10,3351
2007042,2007-02-11,1999
2007043,2007-02-12,9471
2007044,2007-02-13,9885
2007045,2007-02-14,0002
2007046,2007-02-15,5647
2007047,2007-02-16,3775
2007048,2007-02-25,5724
2007049,2007-02-26,7603
2007050,2007-02-27,1634
2007051,2007-02-28,2650
2007052,2007-03-01,7332
2007053,2007-03-02,8028
2007054,2007-03-03,8475
2007055,2007-03-04,0172
2007056,2007-03-05,2786
2007057,2007-03-06,9559
2007058,2007-03-07,8873
2007059,2007-03-08,5284
2007060,2007-03-09,3687
2007061,2007-03-10,7872
2007062,2007-03-11,3276
2007063,2007-03-12,3653
2007064,2007-03-13,3301
2007065,2007-03-14,2686
2007066,2007-03-15,6838
2007067,2007-03-16,4991
2007068,2007-03-17,1033
2007069,2007-03-18,5317
2007070,2007-03-19,4412
2007071,2007-03-20,9849
2007072,2007-03-21,0100
2007073,2007-03-22,5646
2007074,2007-03-23,9064
2007075,2007-03-24,5157
2007076,2007-03-25,3168
2007077,2007-03-26,7618
2007078,2007-03-27,7378
2007079,2007-03-28,1957
2007080,2007-03-29,8569
2007081,2007-03-30,4910
2007082,2007-03-31,0449
2007083,2007-04-01,9039
2007084,2007-04-02,0205
2007085,2007-04-03,8785
2007086,2007-04-04,0282
2007087,2007-04-05,7384
2007088,2007-04-06,8941
2007089,2007-04-07,5777
2007090,2007-04-08,6245
2007091,2007-04-09,1700
2007092,2007-04-10,4172
2007093,2007-04-11,9713
2007094,2007-04-12,0518
2007095,2007-04-13,9370
2007096,2007-04-14,9679
2007097,2007-04-15,5321
2007098,2007-04-16,6792
2007099,2007-04-17,4051
2007100,2007-04-18,9412
2007101,2007-04-19,3496
2007102,2007-04-20,4852
2007103,2007-04-21,4411
2007104,2007-04-22,7548
2007105,2007-04-23,9994
2007106,2007-04-24,8456
2007107,2007-04-25,6915
2007108,2007-04-26,4979
2007109,2007-04-27,3952
2007110,2007-04-28,7863
2007111,2007-04-29,7627
2007112,2007-04-30,7347
2007113,2007-05-01,1831
2007114,2007-05-02,7868
2007115,2007-05-03,1674
2007116,2007-05-04,2726
2007117,2007-05-05,3787
2007118,2007-05-06,9710
2007119,2007-05-07,9677
2007120,2007-05-08,5341
2007121,2007-05-09,0066
2007122,2007-05-10,5201
2007123,2007-05-11,5252
2007124,2007-05-12,7790
2007125,2007-05-13,1634
2007126,2007-05-14,0759
2007127,2007-05-15,9098
2007128,2007-05-16,6999
2007129,2007-05-17,9458
2007130,2007-05-18,1115
2007131,2007-05-19,5752
2007132,2007-05-20,6844
2007133,2007-05-21,8396
2007134,2007-05-22,0971
2007135,2007-05-23,5955
2007136,2007-05-24,8582
2007137,2007-05-25,9646
2007138,2007-05-26,0473
2007139,2007-05-27,3289
2007140,2007-05-28,0360
2007141,2007-05-29,8840
2007142,2007-05-30,6699
2007143,2007-05-31,1392
2007144,2007-06-01,9124
2007145,2007-06-02,0601
2007146,2007-06-03,9102
2007147,2007-06-04,9762
2007148,2007-06-05,2462
2007149,2007-06-06,3784
2007150,2007-06-07,8730
2007151,2007-06-08,6765
2007152,2007-06-09,9511
2007153,2007-06-10,1813
2007154,2007-06-11,8512
2007155,2007-06-12,6825
2007156,2007-06-13,7757
2007157,2007-06-14,0002
2007158,2007-06-15,8917
2007159,2007-06-16,5391
2007160,2007-06-17,8786
2007161,2007-06-18,5676
2007162,2007-06-19,5543
2007163,2007-06-20,6580
2007164,2007-06-21,7380
2007165,2007-06-22,9467
2007166,2007-06-23,7958
2007167,2007-06-24,8007
2007168,2007-06-25,0645
2007169,2007-06-26,3387
2007170,2007-06-27,2008
2007171,2007-06-28,8908
2007172,2007-06-29,5176
2007173,2007-06-30,9817
2007174,2007-07-01,3846
2007175,2007-07-02,4468
2007176,2007-07-03,1742
2007177,2007-07-04,7266
2007178,2007-07-05,4916
2007179,2007-07-06,8251
2007180,2007-07-07,6805
2007181,2007-07-08,8492
2007182,2007-07-09,6044
2007183,2007-07-10,9035
2007184,2007-07-11,5745
2007185,2007-07-12,5814
2007186,2007-07-13,0001
2007187,2007-07-14,8678
2007188,2007-07-15,5895
2007189,2007-07-16,1842
2007190,2007-07-17,6161
2007191,2007-07-18,9595
2007192,2007-07-19,1062
2007193,2007-07-20,9510
2007194,2007-07-21,1412
2007195,2007-07-22,5660
2007196,2007-07-23,5650
2007197,2007-07-24,7132
2007198,2007-07-25,2826
2007199,2007-07-26,4490
2007200,2007-07-27,7663
2007201,2007-07-28,0852
2007202,2007-07-29,8685
2007203,2007-07-30,1319
2007204,2007-07-31,9817
2007205,2007-08-01,5332
2007206,2007-08-02,5182
2007207,2007-08-03,9236
2007208,2007-08-04,6438
2007209,2007-08-05,3891
2007210,2007-08-06,0617
2007211,2007-08-07,1889
2007212,2007-08-08,2448
2007213,2007-08-09,8993
2007214,2007-08-10,9449
2007215,2007-08-11,8842
2007216,2007-08-12,1762
2007217,2007-08-13,5037
2007218,2007-08-14,3974
2007219,2007-08-15,5691
2007220,2007-08-16,4793
2007221,2007-08-17,2110
2007222,2007-08-18,7127
2007223,2007-08-19,4273
2007224,2007-08-20,4360
2007225,2007-08-21,8014
2007226,2007-08-22,2594
2007227,2007-08-23,2017
2007228,2007-08-24,2912
2007229,2007-08-25,0226
2007230,2007-08-26,9475
2007231,2007-08-27,1396
2007232,2007-08-28,8336
2007233,2007-08-29,8329
2007234,2007-08-30,6386
2007235,2007-08-31,8939
2007236,2007-09-01,6892
2007237,2007-09-02,4389
2007238,2007-09-03,0785
2007239,2007-09-04,8462
2007240,2007-09-05,4619
2007241,2007-09-06,5321
2007242,2007-09-07,8209
2007243,2007-09-08,7190
2007244,2007-09-09,3336
2007245,2007-09-10,9462
2007246,2007-09-11,2526
2007247,2007-09-12,8548
2007248,2007-09-13,2515
2007249,2007-09-14,0518
2007250,2007-09-15,0280
2007251,2007-09-16,6025
2007252,2007-09-17,0294
2007253,2007-09-18,5338
2007254,2007-09-19,6301
2007255,2007-09-20,4885
2007256,2007-09-21,2212
2007257,2007-09-22,1443
2007258,2007-09-23,5433
2007259,2007-09-24,1546
2007260,2007-09-25,9790
2007261,2007-09-26,9124
2007262,2007-09-27,0494
2007263,2007-09-28,2314
2007264,2007-09-29,7967
2007265,2007-09-30,2324
2007266,2007-10-01,8063
2007267,2007-10-02,5987
2007268,2007-10-03,6392
2007269,2007-10-04,8330
2007270,2007-10-05,8529
2007271,2007-10-06,2951
2007272,2007-10-07,7929
2007273,2007-10-08,8544
2007274,2007-10-09,4359
2007275,2007-10-10,3617
2007276,2007-10-11,4948
2007277,2007-10-12,2540
2007278,2007-10-13,5638
2007279,2007-10-14,8961
2007280,2007-10-15,8644
2007281,2007-10-16,4036
2007282,2007-10-17,9045
2007283,2007-10-18,2109
2007284,2007-10-19,7596
2007285,2007-10-20,4076
2007286,2007-10-21,6194
2007287,2007-10-22,3740
2007288,2007-10-23,9274
2007289,2007-10-24,7941
2007290,2007-10-25,4538
2007291,2007-10-26,4417
2007292,2007-10-27,5694
2007293,2007-10-28,4742
2007294,2007-10-29,5639
2007295,2007-10-30,3119
2007296,2007-10-31,9458
2007297,2007-11-01,9719
2007298,2007-11-02,2686
2007299,2007-11-03,4946
2007300,2007-11-04,3575
2007301,2007-11-05,8244
2007302,2007-11-06,4910
2007303,2007-11-07,9806
2007304,2007-11-08,4024
2007305,2007-11-09,7986
2007306,2007-11-10,0532
2007307,2007-11-11,6108
2007308,2007-11-12,0878
2007309,2007-11-13,8848
2007310,2007-11-14,7593
2007311,2007-11-15,3471
2007312,2007-11-16,0535
2007313,2007-11-17,6339
2007314,2007-11-18,1747
2007315,2007-11-19,2015
2007316,2007-11-20,6072
2007317,2007-11-21,7872
2007318,2007-11-22,0914
2007319,2007-11-23,0539
2007320,2007-11-24,7946
2007321,2007-11-25,8589
2007322,2007-11-26,8830
2007323,2007-11-27,6941
2007324,2007-11-28,0511
2007325,2007-11-29,8193
2007326,2007-11-30,5666
2007327,2007-12-01,4381
2007328,2007-12-02,9404
2007329,2007-12-03,2737
2007330,2007-12-04,0150
2007331,2007-12-05,1531
2007332,2007-12-06,6647
2007333,2007-12-07,9141
2007334,2007-12-08,7738
2007335,2007-12-09,5230
2007336,2007-12-10,7742
2007337,2007-12-11,2762
2007338,2007-12-12,5854
2007339,2007-12-13,0489
2007340,2007-12-14,4168
2007341,2007-12-15,0323
2007342,2007-12-16,0680
2007343,2007-12-17,4922
2007344,2007-12-18,7576
2007345,2007-12-19,5967
2007346,2007-12-20,0804
2007347,2007-12-21,3101
2007348,2007-12-22,4185
2007349,2007-12-23,4773
2007350,2007-12-24,1646
2007351,2007-12-25,0281
2007352,2007-12-26,1475
2007353,2007-12-27,0051
2007354,2007-12-28,0655
2007355,2007-12-29,6346
2007356,2007-12-30,2154
2007357,2007-12-31,3174
2008001,2008-01-01,6595
2008002,2008-01-02,8701
2008003,2008-01-03,8389
2008004,2008-01-04,3591
2008005,2008-01-05,3149
2008006,2008-01-06,2821
2008007,2008-01-07,0899
2008008,2008-01-08,8030
2008009,2008-01-09,0815
2008010,2008-01-10,2844
2008011,2008-01-11,5067
2008012,2008-01-12,6307
2008013,2008-01-13,0043
2008014,2008-01-14,1637
2008015,2008-01-15,4757
2008016,2008-01-16,7894
2008017,2008-01-17,0659
2008018,2008-01-18,1554
2008019,2008-01-19,6494
2008020,2008-01-20,7860
2008021,2008-01-21,1192
2008022,2008-01-22,6543
2008023,2008-01-23,0888
2008024,2008-01-24,0125
2008025,2008-01-25,6305
2008026,2008-01-26,8060
2008027,2008-01-27,0269
2008028,2008-01-28,9904
2008029,2008-01-29,3201
2008030,2008-01-30,3140
2008031,2008-01-31,5353
2008032,2008-02-01,8273
2008033,2008-02-02,5206
2008034,2008-02-03,8357
2008035,2008-02-04,9139
2008036,2008-02-05,5419
2008037,2008-02-13,8062
2008038,2008-02-14,6533
2008039,2008-02-15,4588
2008040,2008-02-16,8044
2008041,2008-02-17,6611
2008042,2008-02-18,6129
2008043,2008-02-19,1118
2008044,2008-02-20,1214
2008045,2008-02-21,6668
2008046,2008-02-22,8057
2008047,2008-02-23,2272
2008048,2008-02-24,8056
2008049,2008-02-25,5237
2008050,2008-02-26,3325
2008051,2008-02-27,2395
2008052,2008-02-28,2801
2008053,2008-02-29,5075
2008054,2008-03-01,9326
2008055,2008-03-02,4007
2008056,2008-03-03,6716
2008057,2008-03-04,3208
2008058,2008-03-05,6776
2008059,2008-03-06,4570
2008060,2008-03-07,6361
2008061,2008-03-08,4388
2008062,2008-03-09,4134
2008063,2008-03-10,8309
2008064,2008-03-11,6485
2008065,2008-03-12,3665
2008066,2008-03-13,1958
2008067,2008-03-14,9214
2008068,2008-03-15,5425
2008069,2008-03-16,6081
2008070,2008-03-17,7381
2008071,2008-03-18,3468
2008072,2008-03-19,5029
2008073,2008-03-20,8247
2008074,2008-03-21,3810
2008075,2008-03-22,5978
2008076,2008-03-23,8264
2008077,2008-03-24,6749
2008078,2008-03-25,6195
2008079,2008-03-26,7375
2008080,2008-03-27,8536
2008081,2008-03-28,7988
2008082,2008-03-29,4674
2008083,2008-03-30,9094
2008084,2008-03-31,3976
2008085,2008-04-01,0104
2008086,2008-04-02,3919
2008087,2008-04-03,7264
2008088,2008-04-04,4564
2008089,2008-04-05,0541
2008090,2008-04-06,3186
2008091,2008-04-07,6402
2008092,2008-04-08,9834
2008093,2008-04-09,6881
2008094,2008-04-10,5999
2008095,2008-04-11,0638
2008096,2008-04-12,4703
2008097,2008-04-13,9216
2008098,2008-04-14,5676
2008099,2008-04-15,9525
2008100,2008-04-16,7575
2008101,2008-04-17,2361
2008102,2008-04-18,5117
2008103,2008-04-19,2623
2008104,2008-04-20,1154
2008105,2008-04-21,5252
2008106,2008-04-22,0905
2008107,2008-04-23,3501
2008108,2008-04-24,5622
2008109,2008-04-25,5187
2008110,2008-04-26,3933
2008111,2008-04-27,8912
2008112,2008-04-28,4768
2008113,2008-04-29,1126
2008114,2008-04-30,2465
2008115,2008-05-01,8889
2008116,2008-05-02,6959
2008117,2008-05-03,9996
2008118,2008-05-04,1776
2008119,2008-05-05,8749
2008120,2008-05-06,7546
2008121,2008-05-07,1185
2008122,2008-05-08,3139
2008123,2008-05-09,8348
2008124,2008-05-10,1090
2008125,2008-05-11,2886
2008126,2008-05-12,2942
2008127,2008-05-13,8617
2008128,2008-05-14,4951
2008129,2008-05-15,8608
2008130,2008-05-16,8080
2008131,2008-05-17,6439
2008132,2008-05-18,2540
2008133,2008-05-19,2862
2008134,2008-05-20,5429
2008135,2008-05-21,9649
2008136,2008-05-22,4672
2008137,2008-05-23,0621
2008138,2008-05-24,8413
2008139,2008-05-25,7594
2008140,2008-05-26,4146
2008141,2008-05-27,5164
2008142,2008-05-28,6724
2008143,2008-05-29,8580
2008144,2008-05-30,1863
2008145,2008-05-31,0249
2008146,2008-06-01,1425
2008147,2008-06-02,8973
2008148,2008-06-03,2941
2008149,2008-06-04,9160
2008150,2008-06-05,5848
2008151,2008-06-06,6730
2008152,2008-06-07,8249
2008153,2008-06-08,6669
2008154,2008-06-09,9100
2008155,2008-06-10,3572
2008156,2008-06-11,0723
2008157,2008-06-12,7498
2008158,2008-06-13,8052
2008159,2008-06-14,6048
2008160,2008-06-15,7498
2008161,2008-06-16,7675
2008162,2008-06-17,6741
2008163,2008-06-18,3079
2008164,2008-06-19,1825
2008165,2008-06-20,2301
2008166,2008-06-21,8804
2008167,2008-06-22,4620
2008168,2008-06-23,6344
2008169,2008-06-24,9972
2008170,2008-06-25,4426
2008171,2008-06-26,7325
2008172,2008-06-27,3826
2008173,2008-06-28,6158
2008174,2008-06-29,8870
2008175,2008-06-30,5169
2008176,2008-07-01,5426
2008177,2008-07-02,1047
2008178,2008-07-03,3448
2008179,2008-07-04,1222
2008180,2008-07-05,4112
2008181,2008-07-06,3937
2008182,2008-07-07,0829
2008183,2008-07-08,3697
2008184,2008-07-09,8405
2008185,2008-07-10,0642
2008186,2008-07-11,8761
2008187,2008-07-12,9056
2008188,2008-07-13,5958
2008189,2008-07-14,0859
2008190,2008-07-15,8621
2008191,2008-07-16,1346
2008192,2008-07-17,8678
2008193,2008-07-18,6084
2008194,2008-07-19,3120
2008195,2008-07-20,2829
2008196,2008-07-21,8610
2008197,2008-07-22,3575
2008198,2008-07-23,0686
2008199,2008-07-24,4812
2008200,2008-07-25,2042
2008201,2008-07-26,7432
2008202,2008-07-27,1986
2008203,2008-07-28,7994
2008204,2008-07-29,6765
2008205,2008-07-30,0565
2008206,2008-07-31,4801
2008207,2008-08-01,0604
2008208,2008-08-02,3562
2008209,2008-08-03,6193
2008210,2008-08-04,0039
2008211,2008-08-05,1942
2008212,2008-08-06,8943
2008213,2008-08-07,8608
2008214,2008-08-08,1446
2008215,2008-08-09,7353
2008216,2008-08-10,9380
2008217,2008-08-11,0543
2008218,2008-08-12,1616
2008219,2008-08-13,4921
2008220,2008-08-14,4844
2008221,2008-08-15,3989
2008222,2008-08-16,1081
2008223,2008-08-17,9967
2008224,2008-08-18,6328
2008225,2008-08-19,3544
2008226,2008-08-20,9822
2008227,2008-08-21,5872
2008228,2008-08-22,7595
2008229,2008-08-23,1940
2008230,2008-08-24,6328
2008231,2008-08-25,6357
2008232,2008-08-26,8401
2008233,2008-08-27,0267
2008234,2008-08-28,8006
2008235,2008-08-29,3726
2008236,2008-08-30,7965
2008237,2008-08-31,1147
2008238,2008-09-01,2595
2008239,2008-09-02,4432
2008240,2008-09-03,3005
2008241,2008-09-04,5690
2008242,2008-09-05,3846
2008243,2008-09-06,9390
2008244,2008-09-07,2138
2008245,2008-09-08,7701
2008246,2008-09-09,7161
2008247,2008-09-10,3602
2008248,2008-09-11,2516
2008249,2008-09-12,1572
2008250,2008-09-13,1804
2008251,2008-09-14,5963
2008252,2008-09-15,5182
2008253,2008-09-16,2056
2008254,2008-09-17,4302
2008255,2008-09-18,4788
2008256,2008-09-19,9254
2008257,2008-09-20,7575
2008258,2008-09-21,8262
2008259,2008-09-22,5856
2008260,2008-09-23,2767
2008261,2008-09-24,0101
2008262,2008-09-25,5895
2008263,2008-09-26,0406
2008264,2008-09-27,5335
2008265,2008-09-28,7281
2008266,2008-09-29,9376
2008267,2008-09-30,8519
2008268,2008-10-01,5957
2008269,2008-10-02,1196
2008270,2008-10-03,0444
2008271,2008-10-04,3502
2008272,2008-10-05,9392
2008273,2008-10-06,0772
2008274,2008-10-07,0271
2008275,2008-10-08,1226
2008276,2008-10-09,0278
2008277,2008-10-10,6211
2008278,2008-10-11,7939
2008279,2008-10-12,8942
2008280,2008-10-13,6596
2008281,2008-10-14,2125
2008282,2008-10-15,1506
2008283,2008-10-16,8061
2008284,2008-10-17,8542
2008285,2008-10-18,3433
2008286,2008-10-19,5195
2008287,2008-10-20,6713
2008288,2008-10-21,4320
2008289,2008-10-22,1416
2008290,2008-10-23,3360
2008291,2008-10-24,4971
2008292,2008-10-25,8458
2008293,2008-10-26,0999
2008294,2008-10-27,0973
2008295,2008-10-28,9445
2008296,2008-10-29,7668
2008297,2008-10-30,9411
2008298,2008-10-31,7264
2008299,2008-11-01,0780
2008300,2008-11-02,6884
2008301,2008-11-03,0209
2008302,2008-11-04,9079
2008303,2008-11-05,3932
2008304,2008-11-06,9768
2008305,2008-11-07,0102
2008306,2008-11-08,4899
2008307,2008-11-09,4530
2008308,2008-11-10,7464
2008309,2008-11-11,2509
2008310,2008-11-12,7934
2008311,2008-11-13,0719
2008312,2008-11-14,6365
2008313,2008-11-15,9714
2008314,2008-11-16,4477
2008315,2008-11-17,8871
2008316,2008-11-18,8456
2008317,2008-11-19,3817
2008318,2008-11-20,8035
2008319,2008-11-21,8818
2008320,2008-11-22,7434
2008321,2008-11-23,9912
2008322,2008-11-24,2359
2008323,2008-11-25,4615
2008324,2008-11-26,5492
2008325,2008-11-27,0876
2008326,2008-11-28,8076
2008327,2008-11-29,5537
2008328,2008-11-30,2059
2008329,2008-12-01,4227
2008330,2008-12-02,1784
2008331,2008-12-03,3763
2008332,2008-12-04,9004
2008333,2008-12-05,8854
2008334,2008-12-06,0789
2008335,2008-12-07,6287
2008336,2008-12-08,2985
2008337,2008-12-09,0178
2008338,2008-12-10,9992
2008339,2008-12-11,4523
2008340,2008-12-12,5689
2008341,2008-12-13,3517
2008342,2008-12-14,0017
2008343,2008-12-15,6144
2008344,2008-12-16,0703
2008345,2008-12-17,9239
2008346,2008-12-18,5596
2008347,2008-12-19,7906
2008348,2008-12-20,4133
2008349,2008-12-21,0833
2008350,2008-12-22,5597
2008351,2008-12-23,1633
2008352,2008-12-24,5752
2008353,2008-12-25,3753
2008354,2008-12-26,4745
2008355,2008-12-27,4877
2008356,2008-12-28,7155
2008357,2008-12-29,2834
2008358,2008-12-30,6945
2008359,2008-12-31,2106
2009001,2009-01-01,3250
2009002,2009-01-02,6144
2009003,2009-01-03,4887
2009004,2009-01-04,5021
2009005,2009-01-05,5218
2009006,2009-01-06,6591
2009007,2009-01-07,3414
2009008,2009-01-08,2430
2009009,2009-01-09,6699
2009010,2009-01-10,8622
2009011,2009-01-11,6569
2009012,2009-01-12,9618
2009013,2009-01-13,5518
2009014,2009-01-14,2997
2009015,2009-01-15,2719
2009016,2009-01-16,9772
2009017,2009-01-17,3558
2009018,2009-01-18,8865
2009019,2009-01-19,8303
2009020,2009-01-20,4614
2009021,2009-01-21,7006
2009022,2009-01-22,9149
2009023,2009-01-23,6629
2009024,2009-01-24,5184
2009025,2009-02-01,2787
2009026,2009-02-02,6699
2009027,2009-02-03,5858
2009028,2009-02-04,3356
2009029,2009-02-05,4706
2009030,2009-02-06,1036
2009031,2009-02-07,5432
2009032,2009-02-08,9816
2009033,2009-02-09,4726
2009034,2009-02-10,2351
2009035,2009-02-11,8141
2009036,2009-02-12,0324
2009037,2009-02-13,9045
2009038,2009-02-14,6350
2009039,2009-02-15,8450
2009040,2009-02-16,7360
2009041,2009-02-17,6795
2009042,2009-02-18,3130
2009043,2009-02-19,6266
2009044,2009-02-20,7332
2009045,2009-02-21,7745
2009046,2009-02-22,8024
2009047,2009-02-23,7131
2009048,2009-02-24,1364
2009049,2009-02-25,3736
2009050,2009-02-26,6985
2009051,2009-02-27,1087
2009052,2009-02-28,9267
2009053,2009-03-01,6229
2009054,2009-03-02,5493
2009055,2009-03-03,0454
2009056,2009-03-04,7974
2009057,2009-03-05,3811
2009058,2009-03-06,4379
2009059,2009-03-07,2107
2009060,2009-03-08,4119
2009061,2009-03-09,8043
2009062,2009-03-10,6754
2009063,2009-03-11,1595
2009064,2009-03-12,4664
2009065,2009-03-13,4552
2009066,2009-03-14,4716
2009067,2009-03-15,6907
2009068,2009-03-16,4156
2009069,2009-03-17,3201
2009070,2009-03-18,8432
2009071,2009-03-19,5023
2009072,2009-03-20,4791
2009073,2009-03-21,5473
2009074,2009-03-22,1617
2009075,2009-03-23,5281
2009076,2009-03-24,3766
2009077,2009-03-25,8564
2009078,2009-03-26,4938
2009079,2009-03-27,3280
2009080,2009-03-28,7996
2009081,2009-03-29,2839
2009082,2009-03-30,0386
2009083,2009-03-31,5091
2009084,2009-04-01,5783
2009085,2009-04-02,1986
2009086,2009-04-03,8068
2009087,2009-04-04,5008
2009088,2009-04-05,8094
2009089,2009-04-06,7843
2009090,2009-04-07,2143
2009091,2009-04-08,6124
2009092,2009-04-09,9204
2009093,2009-04-10,8800
2009094,2009-04-11,7997
2009095,2009-04-12,3014
2009096,2009-04-13,3511
2009097,2009-04-14,5912
2009098,2009-04-15,8673
2009099,2009-04-16,7626
2009100,2009-04-17,3354
2009101,2009-04-18,3703
2009102,2009-04-19,8924
2009103,2009-04-20,3931
2009104,2009-04-21,4736
2009105,2009-04-22,9564
2009106,2009-04-23,2035
2009107,2009-04-24,0467
2009108,2009-04-25,4080
2009109,2009-04-26,2409
2009110,2009-04-27,9442
2009111,2009-04-28,6728
2009112,2009-04-29,4221
2009113,2009-04-30,1748
2009114,2009-05-01,3011
2009115,2009-05-02,7922
2009116,2009-05-03,3306
2009117,2009-05-04,1986
2009118,2009-05-05,7633
2009119,2009-05-06,9611
2009120,2009-05-07,1078
2009121,2009-05-08,8803
2009122,2009-05-09,3552
2009123,2009-05-10,0797
2009124,2009-05-11,9450
2009125,2009-05-12,6314
2009126,2009-05-13,3069
2009127,2009-05-14,9988
2009128,2009-05-15,5150
2009129,2009-05-16,7172
2009130,2009-05-17,0620
2009131,2009-05-18,7570
2009132,2009-05-19,9901
2009133,2009-05-20,7509
2009134,2009-05-21,4403
2009135,2009-05-22,2050
2009136,2009-05-23,7859
2009137,2009-05-24,3177
2009138,2009-05-25,6336
2009139,2009-05-26,4298
2009140,2009-05-27,2818
2009141,2009-05-28,6060
2009142,2009-05-29,1478
2009143,2009-05-30,6169
2009144,2009-05-31,9735
2009145,2009-06-01,1803
2009146,2009-06-02,1834
2009147,2009-06-03,7412
2009148,2009-06-04,3418
2009149,2009-06-05,6236
2009150,2009-06-06,0048
2009151,2009-06-07,4962
2009152,2009-06-08,6388
2009153,2009-06-09,6985
2009154,2009-06-10,3258
2009155,2009-06-11,2069
2009156,2009-06-12,9060
2009157,2009-06-13,0601
2009158,2009-06-14,1485
2009159,2009-06-15,3801
2009160,2009-06-16,6224
2009161,2009-06-17,1869
2009162,2009-06-18,6743
2009163,2009-06-19,1205
2009164,2009-06-20,5520
2009165,2009-06-21,1684
2009166,2009-06-22,9325
2009167,2009-06-23,5269
2009168,2009-06-24,1083
2009169,2009-06-25,3758
2009170,2009-06-26,5454
2009171,2009-06-27,8141
2009172,2009-06-28,9404
2009173,2009-06-29,8187
2009174,2009-06-30,6850
2009175,2009-07-01,2009
2009176,2009-07-02,5127
2009177,2009-07-03,2209
2009178,2009-07-04,9930
2009179,2009-07-05,6349
2009180,2009-07-06,9066
2009181,2009-07-07,0692
2009182,2009-07-08,8983
2009183,2009-07-09,7592
2009184,2009-07-10,9053
2009185,2009-07-11,9066
2009186,2009-07-12,7670
2009187,2009-07-13,6287
2009188,2009-07-14,8536
2009189,2009-07-15,5745
2009190,2009-07-16,4511
2009191,2009-07-17,3206
2009192,2009-07-18,9370
2009193,2009-07-19,4278
2009194,2009-07-20,5615
2009195,2009-07-21,1472
2009196,2009-07-22,4395
2009197,2009-07-23,9412
2009198,2009-07-24,3519
2009199,2009-07-25,3722
2009200,2009-07-26,7117
2009201,2009-07-27,0159
2009202,2009-07-28,2047
2009203,2009-07-29,3063
2009204,2009-07-30,1292
2009205,2009-07-31,5834
2009206,2009-08-01,3609
2009207,2009-08-02,5502
2009208,2009-08-03,2569
2009209,2009-08-04,3762
2009210,2009-08-05,0132
2009211,2009-08-06,4159
2009212,2009-08-07,4822
2009213,2009-08-08,6416
2009214,2009-08-09,5028
2009215,2009-08-10,8735
2009216,2009-08-11,1838
2009217,2009-08-12,9900
2009218,2009-08-13,8485
2009219,2009-08-14,5349
2009220,2009-08-15,4162
2009221,2009-08-16,8229
2009222,2009-08-17,5572
2009223,2009-08-18,2023
2009224,2009-08-19,9679
2009225,2009-08-20,4478
2009226,2009-08-21,4686
2009227,2009-08-22,0874
2009228,2009-08-23,6088
2009229,2009-08-24,9139
2009230,2009-08-25,3233
2009231,2009-08-26,9472
2009232,2009-08-27,5480
2009233,2009-08-28,7380
2009234,2009-08-29,7344
2009235,2009-08-30,7088
2009236,2009-08-31,4516
2009237,2009-09-01,4895
2009238,2009-09-02,3627
2009239,2009-09-03,7656
2009240,2009-09-04,3789
2009241,2009-09-05,9823
2009242,2009-09-06,8843
2009243,2009-09-07,9038
2009244,2009-09-08,6475
2009245,2009-09-09,1535
2009246,2009-09-10,2200
2009247,2009-09-11,1596
2009248,2009-09-12,2042
2009249,2009-09-13,8949
2009250,2009-09-14,3628
2009251,2009-09-15,4193
2009252,2009-09-16,9904
2009253,2009-09-17,0985
2009254,2009-09-18,3193
2009255,2009-09-19,3167
2009256,2009-09-20,8778
2009257,2009-09-21,9054
2009258,2009-09-22,2067
2009259,2009-09-23,5445
2009260,2009-09-24,8616
2009261,2009-09-25,8086
2009262,2009-09-26,5215
2009263,2009-09-27,0507
2009264,2009-09-28,3320
2009265,2009-09-29,7791
2009266,2009-09-30,0890
2009267,2009-10-01,5457
2009268,2009-10-02,0738
2009269,2009-10-03,6420
2009270,2009-10-04,4759
2009271,2009-10-05,6984
2009272,2009-10-06,6311
2009273,2009-10-07,3296
2009274,2009-10-08,0729
2009275,2009-10-09,7325
2009276,2009-10-10,5214
2009277,2009-10-11,1763
2009278,2009-10-12,0895
2009279,2009-10-13,6314
2009280,2009-10-14,4047
2009281,2009-10-15,8194
2009282,2009-10-16,2413
2009283,2009-10-17,5620
2009284,2009-10-18,4885
2009285,2009-10-19,3634
2009286,2009-10-20,1843
2009287,2009-10-21,9714
2009288,2009-10-22,2013
2009289,2009-10-23,7390
2009290,2009-10-24,1398
2009291,2009-10-25,8302
2009292,2009-10-26,9668
2009293,2009-10-27,9066
2009294,2009-10-28,2782
2009295,2009-10-29,8006
2009296,2009-10-30,6468
2009297,2009-10-31,2300
2009298,2009-11-01,5663
2009299,2009-11-02,5351
2009300,2009-11-03,7548
2009301,2009-11-04,2244
2009302,2009-11-05,6174
2009303,2009-11-06,7391
2009304,2009-11-07,5265
2009305,2009-11-08,4874
2009306,2009-11-09,5473
2009307,2009-11-10,3948
2009308,2009-11-11,1083
2009309,2009-11-12,5950
2009310,2009-11-13,4773
2009311,2009-11-14,1994
2009312,2009-11-15,3329
2009313,2009-11-16,9313
2009314,2009-11-17,8809
2009315,2009-11-18,0594
2009316,2009-11-19,4893
2009317,2009-11-20,2946
2009318,2009-11-21,8270
2009319,2009-11-22,5312
2009320,2009-11-23,6864
2009321,2009-11-24,5981
2009322,2009-11-25,2262
2009323,2009-11-26,1217
2009324,2009-11-27,2785
2009325,2009-11-28,4557
2009326,2009-11-29,6000
2009327,2009-11-30,7858
2009328,2009-12-01,4176
2009329,2009-12-02,5244
2009330,2009-12-03,6744
2009331,2009-12-04,9459
2009332,2009-12-05,0516
2009333,2009-12-06,5926
2009334,2009-12-07,4809
2009335,2009-12-08,4077
2009336,2009-12-09,8328
2009337,2009-12-10,9863
2009338,2009-12-11,9700
2009339,2009-12-12,5205
2009340,2009-12-13,6809
2009341,2009-12-14,9398
2009342,2009-12-15,7826
2009343,2009-12-16,8372
2009344,2009-12-17,5312
2009345,2009-12-18,3752
2009346,2009-12-19,1510
2009347,2009-12-20,2030
2009348,2009-12-21,8274
2009349,2009-12-22,3072
2009350,2009-12-23,3359
2009351,2009-12-24,1598
2009352,2009-12-25,6224
2009353,2009-12-26,6671
2009354,2009-12-27,0754
2009355,2009-12-28,4429
2009356,2009-12-29,7843
2009357,2009-12-30,2551
2009358,2009-12-31,8234
2010001,2010-01-01,3278
2010002,2010-01-02,9819
2010003,2010-01-03,9152
2010004,2010-01-04,2326
2010005,2010-01-05,3873
2010006,2010-01-06,5270
2010007,2010-01-07,4252
2010008,2010-01-08,6452
2010009,2010-01-09,0374
2010010,2010-01-10,9290
2010011,2010-01-11,4208
2010012,2010-01-12,0807
2010013,2010-01-13,9372
2010014,2010-01-14,3946
2010015,2010-01-15,9560
2010016,2010-01-16,1081
2010017,2010-01-17,3830
2010018,2010-01-18,4366
2010019,2010-01-19,1843
2010020,2010-01-20,1700
2010021,2010-01-21,0848
2010022,2010-01-22,5705
2010023,2010-01-23,4515
2010024,2010-01-24,8379
2010025,2010-01-25,7466
2010026,2010-01-26,6854
2010027,2010-01-27,5004
2010028,2010-01-28,8940
2010029,2010-01-29,5508
2010030,2010-01-30,8026
2010031,2010-01-31,0158
2010032,2010-02-01,0938
2010033,2010-02-02,6681
2010034,2010-02-03,5694
2010035,2010-02-04,3496
2010036,2010-02-05,5684
2010037,2010-02-06,7788
2010038,2010-02-07,5960
2010039,2010-02-08,5116
2010040,2010-02-09,4016
2010041,2010-02-10,2367
2010042,2010-02-11,6010
2010043,2010-02-12,4080
2010044,2010-02-20,4156
2010045,2010-02-21,3682
2010046,2010-02-22,9618
2010047,2010-02-23,4009
2010048,2010-02-24,1219
2010049,2010-02-25,2594
2010050,2010-02-26,7354
2010051,2010-02-27,7343
2010052,2010-02-28,2043
2010053,2010-03-01,5489
2010054,2010-03-02,7966
2010055,2010-03-03,2300
2010056,2010-03-04,5347
2010057,2010-03-05,3744
2010058,2010-03-06,4118
2010059,2010-03-07,6271
2010060,2010-03-08,5708
2010061,2010-03-09,6099
2010062,2010-03-10,1466
2010063,2010-03-11,8447
2010064,2010-03-12,2680
2010065,2010-03-13,2080
2010066,2010-03-14,3604
2010067,2010-03-15,5889
2010068,2010-03-16,5979
2010069,2010-03-17,8510
2010070,2010-03-18,6693
2010071,2010-03-19,5782
2010072,2010-03-20,9707
2010073,2010-03-21,5550
2010074,2010-03-22,3490
2010075,2010-03-23,8540
2010076,2010-03-24,2715
2010077,2010-03-25,9925
2010078,2010-03-26,0498
2010079,2010-03-27,9578
2010080,2010-03-28,2645
2010081,2010-03-29,5980
2010082,2010-03-30,5084
2010083,2010-03-31,4680
2010084,2010-04-01,9228
2010085,2010-04-02,2967
2010086,2010-04-03,9684
2010087,2010-04-04,8144
2010088,2010-04-05,6081
2010089,2010-04-06,2418
2010090,2010-04-07,5901
2010091,2010-04-08,0707
2010092,2010-04-09,3056
2010093,2010-04-10,9747
2010094,2010-04-11,9588
2010095,2010-04-12,4708
2010096,2010-04-13,0593
2010097,2010-04-14,1463
2010098,2010-04-15,9363
2010099,2010-04-16,1685
2010100,2010-04-17,7180
2010101,2010-04-18,1431
2010102,2010-04-19,8880
2010103,2010-04-20,8122
2010104,2010-04-21,2443
2010105,2010-04-22,2849
2010106,2010-04-23,6978
2010107,2010-04-24,0538
2010108,2010-04-25,1309
2010109,2010-04-26,7760
2010110,2010-04-27,8134
2010111,2010-04-28,8718
2010112,2010-04-29,3775
2010113,2010-04-30,3423
2010114,2010-05-01,1303
2010115,2010-05-02,2219
2010116,2010-05-03,5037
2010117,2010-05-04,5657
2010118,2010-05-05,9684
2010119,2010-05-06,3322
2010120,2010-05-07,2193
2010121,2010-05-08,8292
2010122,2010-05-09,8325
2010123,2010-05-10,2612
2010124,2010-05-11,4730
2010125,2010-05-12,4888
2010126,2010-05-13,4836
2010127,2010-05-14,2774
2010128,2010-05-15,9139
2010129,2010-05-16,1012
2010130,2010-05-17,3950
2010131,2010-05-18,3369
2010132,2010-05-19,5453
2010133,2010-05-20,3430
2010134,2010-05-21,3587
2010135,2010-05-22,4098
2010136,2010-05-23,9262
2010137,2010-05-24,7764
2010138,2010-05-25,7283
2010139,2010-05-26,0453
2010140,2010-05-27,6349
2010141,2010-05-28,8315
2010142,2010-05-29,2613
2010143,2010-05-30,3703
2010144,2010-05-31,8660
2010145,2010-06-01,9347
2010146,2010-06-02,8142
2010147,2010-06-03,0069
2010148,2010-06-04,2788
2010149,2010-06-05,9649
2010150,2010-06-06,1012
2010151,2010-06-07,3091
2010152,2010-06-08,9971
2010153,2010-06-09,0068
2010154,2010-06-10,0693
2010155,2010-06-11,3316
2010156,2010-06-12,1389
2010157,2010-06-13,7080
2010158,2010-06-14,4801
2010159,2010-06-15,6446
2010160,2010-06-16,8787
2010161,2010-06-17,6378
2010162,2010-06-18,0131
2010163,2010-06-19,1345
2010164,2010-06-20,6847
2010165,2010-06-21,8421
2010166,2010-06-22,7863
2010167,2010-06-23,0943
2010168,2010-06-24,6777
2010169,2010-06-25,8444
2010170,2010-06-26,7399
2010171,2010-06-27,8087
2010172,2010-06-28,2391
2010173,2010-06-29,4066
2010174,2010-06-30,8418
2010175,2010-07-01,5697
2010176,2010-07-02,7705
2010177,2010-07-03,1945
2010178,2010-07-04,3566
2010179,2010-07-05,5192
2010180,2010-07-06,0885
2010181,2010-07-07,8068
2010182,2010-07-08,9474
2010183,2010-07-09,3371
2010184,2010-07-10,8202
2010185,2010-07-11,1357
2010186,2010-07-12,2842
2010187,2010-07-13,4158
2010188,2010-07-14,6811
2010189,2010-07-15,9184
2010190,2010-07-16,7575
2010191,2010-07-17,3533
2010192,2010-07-18,6132
2010193,2010-07-19,1119
2010194,2010-07-20,1488
2010195,2010-07-21,8043
2010196,2010-07-22,0521
2010197,2010-07-23,7787
2010198,2010-07-24,4663
2010199,2010-07-25,9884
2010200,2010-07-26,2065
2010201,2010-07-27,1800
2010202,2010-07-28,0533
2010203,2010-07-29,1068
2010204,2010-07-30,0363
2010205,2010-07-31,0471
2010206,2010-08-01,3530
2010207,2010-08-02,8281
2010208,2010-08-03,4672
2010209,2010-08-04,0815
2010210,2010-08-05,8097
2010211,2010-08-06,9325
2010212,2010-08-07,7850
2010213,2010-08-08,3914
2010214,2010-08-09,1246
2010215,2010-08-10,6672
2010216,2010-08-11,8247
2010217,2010-08-12,8932
2010218,2010-08-13,2452
2010219,2010-08-14,6855
2010220,2010-08-15,2951
2010221,2010-08-16,6838
2010222,2010-08-17,1404
2010223,2010-08-18,5740
2010224,2010-08-19,6745
2010225,2010-08-20,9973
2010226,2010-08-21,5043
2010227,2010-08-22,2392
2010228,2010-08-23,9478
2010229,2010-08-24,6765
2010230,2010-08-25,8540
2010231,2010-08-26,0660
2010232,2010-08-27,1950
2010233,2010-08-28,5342
2010234,2010-08-29,3792
2010235,2010-08-30,3007
2010236,2010-08-31,1739
2010237,2010-09-01,9038
2010238,2010-09-02,6878
2010239,2010-09-03,4141
2010240,2010-09-04,3315
2010241,2010-09-05,2512
2010242,2010-09-06,0953
2010243,2010-09-07,4886
2010244,2010-09-08,4823
2010245,2010-09-09,4843
2010246,2010-09-10,5307
2010247,2010-09-11,8850
2010248,2010-09-12,2048
2010249,2010-09-13,6954
2010250,2010-09-14,0827
2010251,2010-09-15,6989
2010252,2010-09-16,2995
2010253,2010-09-17,6759
2010254,2010-09-18,3580
2010255,2010-09-19,9718
2010256,2010-09-20,1795
2010257,2010-09-21,9696
2010258,2010-09-22,9585
2010259,2010-09-23,2435
2010260,2010-09-24,8818
2010261,2010-09-25,3337
2010262,2010-09-26,1859
2010263,2010-09-27,4252
2010264,2010-09-28,4452
2010265,2010-09-29,8467
2010266,2010-09-30,2358
2010267,2010-10-01,7039
2010268,2010-10-02,5931
2010269,2010-10-03,1633
2010270,2010-10-04,1171
2010271,2010-10-05,5211
2010272,2010-10-06,6706
2010273,2010-10-07,7726
2010274,2010-10-08,4111
2010275,2010-10-09,6802
2010276,2010-10-10,2801
2010277,2010-10-11,6238
2010278,2010-10-12,1885
2010279,2010-10-13,6854
2010280,2010-10-14,1524
2010281,2010-10-15,2732
2010282,2010-10-16,5383
2010283,2010-10-17,0470
2010284,2010-10-18,2103
2010285,2010-10-19,7474
2010286,2010-10-20,9609
2010287,2010-10-21,1673
2010288,2010-10-22,4603
2010289,2010-10-23,1347
2010290,2010-10-24,3997
2010291,2010-10-25,1507
2010292,2010-10-26,1224
2010293,2010-10-27,1292
2010294,2010-10-28,0403
2010295,2010-10-29,2382
2010296,2010-10-30,4489
2010297,2010-10-31,5202
2010298,2010-11-01,7866
2010299,2010-11-02,2258
2010300,2010-11-03,5969
2010301,2010-11-04,3560
2010302,2010-11-05,0911
2010303,2010-11-06,0700
2010304,2010-11-07,3329
2010305,2010-11-08,9373
2010306,2010-11-09,4057
2010307,2010-11-10,2194
2010308,2010-11-11,2323
2010309,2010-11-12,0265
2010310,2010-11-13,3870
2010311,2010-11-14,5982
2010312,2010-11-15,1380
2010313,2010-11-16,8780
2010314,2010-11-17,6756
2010315,2010-11-18,0557
2010316,2010-11-19,3299
2010317,2010-11-20,1824
2010318,2010-11-21,4543
2010319,2010-11-22,7337
2010320,2010-11-23,2839
2010321,2010-11-24,0272
2010322,2010-11-25,8409
2010323,2010-11-26,4744
2010324,2010-11-27,1278
2010325,2010-11-28,8460
2010326,2010-11-29,1594
2010327,2010-11-30,3760
2010328,2010-12-01,8539
2010329,2010-12-02,3663
2010330,2010-12-03,6817
2010331,2010-12-04,4430
2010332,2010-12-05,4249
2010333,2010-12-06,8673
2010334,2010-12-07,3541
2010335,2010-12-08,6553
2010336,2010-12-09,8786
2010337,2010-12-10,8952
2010338,2010-12-11,7547
2010339,2010-12-12,5996
2010340,2010-12-13,0944
2010341,2010-12-14,9431
2010342,2010-12-15,3765
2010343,2010-12-16,1683
2010344,2010-12-17,3323
2010345,2010-12-18,7411
2010346,2010-12-19,3838
2010347,2010-12-20,3229
2010348,2010-12-21,4847
2010349,2010-12-22,6707
2010350,2010-12-23,8905
2010351,2010-12-24,5725
2010352,2010-12-25,1124
2010353,2010-12-26,1697
2010354,2010-12-27,1675
2010355,2010-12-28,5459
2010356,2010-12-29,8687
2010357,2010-12-30,1713
2010358,2010-12-31,3115
2011001,2011-01-01,9285
2011002,2011-01-02,6760
2011003,2011-01-03,9339
2011004,2011-01-04,5505
2011005,2011-01-05,4917
2011006,2011-01-06,3599
2011007,2011-01-07,8849
2011008,2011-01-08,5344
2011009,2011-01-09,1566
2011010,2011-01-10,9173
2011011,2011-01-11,5022
2011012,2011-01-12,6875
2011013,2011-01-13,1872
2011014,2011-01-14,8108
2011015,2011-01-15,7173
2011016,2011-01-16,8160
2011017,2011-01-17,1847
2011018,2011-01-18,9038
2011019,2011-01-19,3287
2011020,2011-01-20,5787
2011021,2011-01-21,5787
2011022,2011-01-22,0089
2011023,2011-01-23,7414
2011024,2011-01-24,4875
2011025,2011-01-25,3523
2011026,2011-01-26,7972
2011027,2011-01-27,2129
2011028,2011-01-28,1342
2011029,2011-01-29,3654
2011030,2011-01-30,4933
2011031,2011-01-31,8649
2011032,2011-02-01,3492
2011033,2011-02-09,0628
2011034,2011-02-10,4894
2011035,2011-02-11,7449
2011036,2011-02-12,1638
2011037,2011-02-13,7057
2011038,2011-02-14,0164
2011039,2011-02-15,2607
2011040,2011-02-16,1170
2011041,2011-02-17,4495
2011042,2011-02-18,3378
2011043,2011-02-19,2869
2011044,2011-02-20,4168
2011045,2011-02-21,5791
2011046,2011-02-22,9094
2011047,2011-02-23,3671
2011048,2011-02-24,6216
2011049,2011-02-25,4596
2011050,2011-02-26,0674
2011051,2011-02-27,6844
2011052,2011-02-28,5095
2011053,2011-03-01,8355
2011054,2011-03-02,7604
2011055,2011-03-03,8359
2011056,2011-03-04,6092
2011057,2011-03-05,3664
2011058,2011-03-06,6644
2011059,2011-03-07,3982
2011060,2011-03-08,1448
2011061,2011-03-09,4165
2011062,2011-03-10,6280
2011063,2011-03-11,1415
2011064,2011-03-12,6901
2011065,2011-03-13,7211
2011066,2011-03-14,0790
2011067,2011-03-15,4131
2011068,2011-03-16,5008
2011069,2011-03-17,2859
2011070,2011-03-18,8924
2011071,2011-03-19,0714
2011072,2011-03-20,7992
2011073,2011-03-21,0638
2011074,2011-03-22,7844
2011075,2011-03-23,9533
2011076,2011-03-24,6677
2011077,2011-03-25,7875
2011078,2011-03-26,5449
2011079,2011-03-27,8234
2011080,2011-03-28,9432
2011081,2011-03-29,7486
2011082,2011-03-30,1710
2011083,2011-03-31,8357
2011084,2011-04-01,2521
2011085,2011-04-02,9958
2011086,2011-04-03,9412
2011087,2011-04-04,0922
2011088,2011-04-05,6707
2011089,2011-04-06,1240
2011090,2011-04-07,0877
2011091,2011-04-08,2221
2011092,2011-04-09,7490
2011093,2011-04-10,5004
2011094,2011-04-11,1595
2011095,2011-04-12,8447
2011096,2011-04-13,0974
2011097,2011-04-14,6791
2011098,2011-04-15,1879
2011099,2011-04-16,8294
2011100,2011-04-17,2328
2011101,2011-04-18,2758
2011102,2011-04-19,9098
2011103,2011-04-20,4720
2011104,2011-04-21,5890
2011105,2011-04-22,7007
2011106,2011-04-23,6501
2011107,2011-04-24,9241
2011108,2011-04-25,3307
2011109,2011-04-26,2224
2011110,2011-04-27,3510
2011111,2011-04-28,2524
2011112,2011-04-29,0984
2011113,2011-04-30,7332
2011114,2011-05-01,3989
2011115,2011-05-02,3751
2011116,2011-05-03,7409
2011117,2011-05-04,7041
2011118,2011-05-05,0756
2011119,2011-05-06,2950
2011120,2011-05-07,9832
2011121,2011-05-08,6495
2011122,2011-05-09,0339
2011123,2011-05-10,5359
2011124,2011-05-11,7741
2011125,2011-05-12,3273
2011126,2011-05-13,2998
2011127,2011-05-14,5436
2011128,2011-05-15,7334
2011129,2011-05-16,4205
2011130,2011-05-17,0596
2011131,2011-05-18,2338
2011132,2011-05-19,6529
2011133,2011-05-20,4875
2011134,2011-05-21,4193
2011135,2011-05-22,4372
2011136,2011-05-23,3961
2011137,2011-05-24,2432
2011138,2011-05-25,9071
2011139,2011-05-26,5386
2011140,2011-05-27,8078
2011141,2011-05-28,6398
2011142,2011-05-29,8898
2011143,2011-05-30,0528
2011144,2011-05-31,1242
2011145,2011-06-01,1072
2011146,2011-06-02,3794
2011147,2011-06-03,8872
2011148,2011-06-04,5895
2011149,2011-06-05,8846
2011150,2011-06-06,8655
2011151,2011-06-07,9856
2011152,2011-06-08,9741
2011153,2011-06-09,6295
2011154,2011-06-10,7654
2011155,2011-06-11,6522
2011156,2011-06-12,2410
2011157,2011-06-13,4193
2011158,2011-06-14,1046
2011159,2011-06-15,8969
2011160,2011-06-16,7130
2011161,2011-06-17,8157
2011162,2011-06-18,2394
2011163,2011-06-19,3786
2011164,2011-06-20,6891
2011165,2011-06-21,5785
2011166,2011-06-22,8268
2011167,2011-06-23,4620
2011168,2011-06-24,2970
2011169,2011-06-25,5207
2011170,2011-06-26,3535
2011171,2011-06-27,9916
2011172,2011-06-28,2667
2011173,2011-06-29,9172
2011174,2011-06-30,3109
2011175,2011-07-01,9097
2011176,2011-07-02,5721
2011177,2011-07-03,8432
2011178,2011-07-04,1901
2011179,2011-07-05,1233
2011180,2011-07-06,5538
2011181,2011-07-07,5999
2011182,2011-07-08,2620
2011183,2011-07-09,7931
2011184,2011-07-10,0398
2011185,2011-07-11,4578
2011186,2011-07-12,7759
2011187,2011-07-13,8126
2011188,2011-07-14,7680
2011189,2011-07-15,0038
2011190,2011-07-16,1257
2011191,2011-07-17,4197
2011192,2011-07-18,8122
2011193,2011-07-19,7005
2011194,2011-07-20,8898
2011195,2011-07-21,8610
2011196,2011-07-22,7081
2011197,2011-07-23,3184
2011198,2011-07-24,6684
2011199,2011-07-25,0049
2011200,2011-07-26,7696
2011201,2011-07-27,6795
2011202,2011-07-28,6339
2011203,2011-07-29,5838
2011204,2011-07-30,5878
2011205,2011-07-31,6759
2011206,2011-08-01,8529
2011207,2011-08-02,6481
2011208,2011-08-03,6156
2011209,2011-08-04,2813
2011210,2011-08-05,9766
2011211,2011-08-06,3266
2011212,2011-08-07,3316
2011213,2011-08-08,8065
2011214,2011-08-09,2541
2011215,2011-08-10,7976
2011216,2011-08-11,5067
2011217,2011-08-12,6072
2011218,2011-08-13,9056
2011219,2011-08-14,5474
2011220,2011-08-15,6046
2011221,2011-08-16,3694
2011222,2011-08-17,4359
2011223,2011-08-18,6772
2011224,2011-08-19,4789
2011225,2011-08-20,8869
2011226,2011-08-21,6326
2011227,2011-08-22,8210
2011228,2011-08-23,3249
2011229,2011-08-24,1052
2011230,2011-08-25,8744
2011231,2011-08-26,8539
2011232,2011-08-27,9231
2011233,2011-08-28,5619
2011234,2011-08-29,0932
2011235,2011-08-30,3040
2011236,2011-08-31,7372
2011237,2011-09-01,3724
2011238,2011-09-02,0137
2011239,2011-09-03,8826
2011240,2011-09-04,0863
2011241,2011-09-05,6483
2011242,2011-09-06,9677
2011243,2011-09-07,7215
2011244,2011-09-08,9623
2011245,2011-09-09,3105
2011246,2011-09-10,0146
2011247,2011-09-11,4301
2011248,2011-09-12,4429
2011249,2011-09-13,7565
2011250,2011-09-14,3437
2011251,2011-09-15,4317
2011252,2011-09-16,4324
2011253,2011-09-17,6101
2011254,2011-09-18,8530
2011255,2011-09-19,5461
2011256,2011-09-20,9853
2011257,2011-09-21,1616
2011258,2011-09-22,3708
2011259,2011-09-23,8676
2011260,2011-09-24,6539
2011261,2011-09-25,5877
2011262,2011-09-26,9251
2011263,2011-09-27,5032
2011264,2011-09-28,3796
2011265,2011-09-29,4985
2011266,2011-09-30,4988
2011267,2011-10-01,7863
2011268,2011-10-02,3781
2011269,2011-10-03,8768
2011270,2011-10-04,1553
2011271,2011-10-05,0148
2011272,2011-10-06,9466
2011273,2011-10-07,8321
2011274,2011-10-08,3595
2011275,2011-10-09,0599
2011276,2011-10-10,8806
2011277,2011-10-11,3243
2011278,2011-10-12,9518
2011279,2011-10-13,3821
2011280,2011-10-14,8750
2011281,2011-10-15,2148
2011282,2011-10-16,8938
2011283,2011-10-17,9057
2011284,2011-10-18,2056
2011285,2011-10-19,2647
2011286,2011-10-20,2314
2011287,2011-10-21,6720
2011288,2011-10-22,6294
2011289,2011-10-23,5044
2011290,2011-10-24,6044
2011291,2011-10-25,0934
2011292,2011-10-26,3931
2011293,2011-10-27,2564
2011294,2011-10-28,9593
2011295,2011-10-29,3299
2011296,2011-10-30,8335
2011297,2011-10-31,4583
2011298,2011-11-01,0998
2011299,2011-11-02,0068
2011300,2011-11-03,8222
2011301,2011-11-04,6417
2011302,2011-11-05,4966
2011303,2011-11-06,1075
2011304,2011-11-07,3229
2011305,2011-11-08,1163
2011306,2011-11-09,6266
2011307,2011-11-10,9907
2011308,2011-11-11,6697
2011309,2011-11-12,7739
2011310,2011-11-13,8251
2011311,2011-11-14,0943
2011312,2011-11-15,3659
2011313,2011-11-16,4664
2011314,2011-11-17,7834
2011315,2011-11-18,3749
2011316,2011-11-19,5389
2011317,2011-11-20,4922
2011318,2011-11-21,4133
2011319,2011-11-22,3561
2011320,2011-11-23,8703
2011321,2011-11-24,3655
2011322,2011-11-25,3689
2011323,2011-11-26,4729
2011324,2011-11-27,1561
2011325,2011-11-28,0390
2011326,2011-11-29,0920
2011327,2011-11-30,4656
2011328,2011-12-01,8111
2011329,2011-12-02,6484
2011330,2011-12-03,8888
2011331,2011-12-04,9435
2011332,2011-12-05,8972
2011333,2011-12-06,3520
2011334,2011-12-07,8035
2011335,2011-12-08,4362
2011336,2011-12-09,7471
2011337,2011-12-10,3876
2011338,2011-12-11,8883
2011339,2011-12-12,5141
2011340,2011-12-13,9737
2011341,2011-12-14,8745
2011342,2011-12-15,2042
2011343,2011-12-16,9616
2011344,2011-12-17,3601
2011345,2011-12-18,2964
2011346,2011-12-19,4949
2011347,2011-12-20,2907
2011348,2011-12-21,2272
2011349,2011-12-22,0007
2011350,2011-12-23,9276
2011351,2011-12-24,3001
2011352,2011-12-25,1426
2011353,2011-12-26,0681
2011354,2011-12-27,3012
2011355,2011-12-28,5180
2011356,2011-12-29,4704
2011357,2011-12-30,2394
2011358,2011-12-31,7259
2012001,2012-01-01,0036
2012002,2012-01-02,4099
2012003,2012-01-03,1819
2012004,2012-01-04,9894
2012005,2012-01-05,6099
2012006,2012-01-06,3642
2012007,2012-01-07,6824
2012008,2012-01-08,8246
2012009,2012-01-09,3162
2012010,2012-01-10,0397
2012011,2012-01-11,9146
2012012,2012-01-12,4134
2012013,2012-01-13,3495
2012014,2012-01-14,0855
2012015,2012-01-15,2344
2012016,2012-01-16,7654
2012017,2012-01-17,5153
2012018,2012-01-18,4654
2012019,2012-01-19,8557
2012020,2012-01-20,0190
2012021,2012-01-21,1389
2012022,2012-01-29,6444
2012023,2012-01-30,7410
2012024,2012-01-31,3348
2012025,2012-02-01,9971
2012026,2012-02-02,8339
2012027,2012-02-03,0065
2012028,2012-02-04,6894
2012029,2012-02-05,7791
2012030,2012-02-06,6650
2012031,2012-02-07,9881
2012032,2012-02-08,5039
2012033,2012-02-09,1276
2012034,2012-02-10,7416
2012035,2012-02-11,2746
2012036,2012-02-12,0340
2012037,2012-02-13,4431
2012038,2012-02-14,5285
2012039,2012-02-15,8552
2012040,2012-02-16,8185
2012041,2012-02-17,3416
2012042,2012-02-18,8412
2012043,2012-02-19,3521
2012044,2012-02-20,6831
2012045,2012-02-21,4212
2012046,2012-02-22,3733
2012047,2012-02-23,4962
2012048,2012-02-24,8331
2012049,2012-02-25,0449
2012050,2012-02-26,7783
2012051,2012-02-27,4671
2012052,2012-02-28,8414
2012053,2012-02-29,5359
2012054,2012-03-01,0572
2012055,2012-03-02,0665
2012056,2012-03-03,1438
2012057,2012-03-04,6915
2012058,2012-03-05,2594
2012059,2012-03-06,3466
2012060,2012-03-07,4240
2012061,2012-03-08,7136
2012062,2012-03-09,3503
2012063,2012-03-10,7730
2012064,2012-03-11,8312
2012065,2012-03-12,3638
2012066,2012-03-13,0840
2012067,2012-03-14,4225
2012068,2012-03-15,9256
2012069,2012-03-16,7210
2012070,2012-03-17,3003
2012071,2012-03-18,6136
2012072,2012-03-19,9987
2012073,2012-03-20,4642
2012074,2012-03-21,2769
2012075,2012-03-22,9896
2012076,2012-03-23,0787
2012077,2012-03-24,4123
2012078,2012-03-25,6605
2012079,2012-03-26,0104
2012080,2012-03-27,7724
2012081,2012-03-28,3994
2012082,2012-03-29,9903
2012083,2012-03-30,6880
2012084,2012-03-31,2389
2012085,2012-04-01,4784
2012086,2012-04-02,7161
2012087,2012-04-03,6842
2012088,2012-04-04,5353
2012089,2012-04-05,2216
2012090,2012-04-06,6826
2012091,2012-04-07,8357
2012092,2012-04-08,7392
2012093,2012-04-09,6712
2012094,2012-04-10,6080
2012095,2012-04-11,9564
2012096,2012-04-12,7498
2012097,2012-04-13,6828
2012098,2012-04-14,6114
2012099,2012-04-15,1054
2012100,2012-04-16,4896
2012101,2012-04-17,3777
2012102,2012-04-18,9552
2012103,2012-04-19,2734
2012104,2012-04-20,3881
2012105,2012-04-21,5421
2012106,2012-04-22,6824
2012107,2012-04-23,2691
2012108,2012-04-24,3998
2012109,2012-04-25,2413
2012110,2012-04-26,7044
2012111,2012-04-27,4616
2012112,2012-04-28,7507
2012113,2012-04-29,4328
2012114,2012-04-30,0792
2012115,2012-05-01,0290
2012116,2012-05-02,4718
2012117,2012-05-03,0424
2012118,2012-05-04,8043
2012119,2012-05-05,8367
2012120,2012-05-06,4690
2012121,2012-05-07,6709
2012122,2012-05-08,4742
2012123,2012-05-09,6226
2012124,2012-05-10,9010
2012125,2012-05-11,6783
2012126,2012-05-12,2810
2012127,2012-05-13,2053
2012128,2012-05-14,1780
2012129,2012-05-15,9219
2012130,2012-05-16,2110
2012131,2012-05-17,5866
2012132,2012-05-18,6269
2012133,2012-05-19,6388
2012134,2012-05-20,0497
2012135,2012-05-21,5695
2012136,2012-05-22,7209
2012137,2012-05-23,8827
2012138,2012-05-24,3845
2012139,2012-05-25,7195
2012140,2012-05-26,0449
2012141,2012-05-27,2501
2012142,2012-05-28,9675
2012143,2012-05-29,9906
2012144,2012-05-30,2780
2012145,2012-05-31,8563
2012146,2012-06-01,7286
2012147,2012-06-02,5680
2012148,2012-06-03,5242
2012149,2012-06-04,9404
2012150,2012-06-05,5985
2012151,2012-06-06,6137
2012152,2012-06-07,7390
2012153,2012-06-08,3839
2012154,2012-06-09,2064
2012155,2012-06-10,8954
2012156,2012-06-11,4402
2012157,2012-06-12,5995
2012158,2012-06-13,7724
2012159,2012-06-14,9572
2012160,2012-06-15,9700
2012161,2012-06-16,5322
2012162,2012-06-17,2435
2012163,2012-06-18,6937
2012164,2012-06-19,7187
2012165,2012-06-20,0469
2012166,2012-06-21,8628
2012167,2012-06-22,2891
2012168,2012-06-23,6519
2012169,2012-06-24,7207
2012170,2012-06-25,7887
2012171,2012-06-26,7350
2012172,2012-06-27,4378
2012173,2012-06-28,5975
2012174,2012-06-29,2180
2012175,2012-06-30,0582
2012176,2012-07-01,4000
2012177,2012-07-02,0189
2012178,2012-07-03,3575
2012179,2012-07-04,1451
2012180,2012-07-05,9901
2012181,2012-07-06,6931
2012182,2012-07-07,4567
2012183,2012-07-08,7950
2012184,2012-07-09,1693
2012185,2012-07-10,4608
2012186,2012-07-11,6736
2012187,2012-07-12,9622
2012188,2012-07-13,6387
2012189,2012-07-14,4189
2012190,2012-07-15,3133
2012191,2012-07-16,5843
2012192,2012-07-17,5769
2012193,2012-07-18,2690
2012194,2012-07-19,1590
2012195,2012-07-20,2138
2012196,2012-07-21,9933
2012197,2012-07-22,5466
2012198,2012-07-23,1129
2012199,2012-07-24,8496
2012200,2012-07-25,2829
2012201,2012-07-26,7909
2012202,2012-07-27,1025
2012203,2012-07-28,1763
2012204,2012-07-29,3615
2012205,2012-07-30,9786
2012206,2012-07-31,6087
2012207,2012-08-01,7904
2012208,2012-08-02,7571
2012209,2012-08-03,2271
2012210,2012-08-04,5741
2012211,2012-08-05,4272
2012212,2012-08-06,1440
2012213,2012-08-07,6815
2012214,2012-08-08,3213
2012215,2012-08-09,0385
2012216,2012-08-10,7750
2012217,2012-08-11,8715
2012218,2012-08-12,1703
2012219,2012-08-13,9353
2012220,2012-08-14,0998
2012221,2012-08-15,3354
2012222,2012-08-16,2402
2012223,2012-08-17,3609
2012224,2012-08-18,5402
2012225,2012-08-19,4533
2012226,2012-08-20,0104
2012227,2012-08-21,7215
2012228,2012-08-22,0811
2012229,2012-08-23,4616
2012230,2012-08-24,6446
2012231,2012-08-25,7630
2012232,2012-08-26,1471
2012233,2012-08-27,2506
2012234,2012-08-28,6112
2012235,2012-08-29,4609
2012236,2012-08-30,9293
2012237,2012-08-31,0492
2012238,2012-09-01,0978
2012239,2012-09-02,0717
2012240,2012-09-03,0639
2012241,2012-09-04,5025
2012242,2012-09-05,9683
2012243,2012-09-06,1451
2012244,2012-09-07,4535
2012245,2012-09-08,2329
2012246,2012-09-09,5715
2012247,2012-09-10,1140
2012248,2012-09-11,9407
2012249,2012-09-12,5759
2012250,2012-09-13,9995
2012251,2012-09-14,1085
2012252,2012-09-15,8928
2012253,2012-09-16,8933
2012254,2012-09-17,6791
2012255,2012-09-18,4044
2012256,2012-09-19,0924
2012257,2012-09-20,3555
2012258,2012-09-21,7944
2012259,2012-09-22,0818
2012260,2012-09-23,4570
2012261,2012-09-24,6867
2012262,2012-09-25,5067
2012263,2012-09-26,4363
2012264,2012-09-27,0920
2012265,2012-09-28,8654
2012266,2012-09-29,1007
2012267,2012-09-30,4467
2012268,2012-10-01,6306
2012269,2012-10-02,1531
2012270,2012-10-03,5213
2012271,2012-10-04,6569
2012272,2012-10-05,9731
2012273,2012-10-06,7061
2012274,2012-10-07,5671
2012275,2012-10-08,3610
2012276,2012-10-09,1792
2012277,2012-10-10,9113
2012278,2012-10-11,6634
2012279,2012-10-12,9547
2012280,2012-10-13,0631
2012281,2012-10-14,0960
2012282,2012-10-15,0104
2012283,2012-10-16,1546
2012284,2012-10-17,5605
2012285,2012-10-18,6052
2012286,2012-10-19,0443
2012287,2012-10-20,2313
2012288,2012-10-21,5763
2012289,2012-10-22,8847
2012290,2012-10-23,9749
2012291,2012-10-24,0217
2012292,2012-10-25,2033
2012293,2012-10-26,0860
2012294,2012-10-27,1378
2012295,2012-10-28,2959
2012296,2012-10-29,4891
2012297,2012-10-30,8143
2012298,2012-10-31,8330
2012299,2012-11-01,0878
2012300,2012-11-02,9547
2012301,2012-11-03,5797
2012302,2012-11-04,3433
2012303,2012-11-05,5855
2012304,2012-11-06,4197
2012305,2012-11-07,7212
2012306,2012-11-08,3376
2012307,2012-11-09,6875
2012308,2012-11-10,2996
2012309,2012-11-11,2871
2012310,2012-11-12,6449
2012311,2012-11-13,6449
2012312,2012-11-14,0564
2012313,2012-11-15,1380
2012314,2012-11-16,6246
2012315,2012-11-17,0079
2012316,2012-11-18,7083
2012317,2012-11-19,1773
2012318,2012-11-20,8362
2012319,2012-11-21,0515
2012320,2012-11-22,0092
2012321,2012-11-23,1332
2012322,2012-11-24,1761
2012323,2012-11-25,8996
2012324,2012-11-26,8885
2012325,2012-11-27,1049
2012326,2012-11-28,8968
2012327,2012-11-29,4463
2012328,2012-11-30,8141
2012329,2012-12-01,6118
2012330,2012-12-02,2198
2012331,2012-12-03,0892
2012332,2012-12-04,8220
2012333,2012-12-05,0257
2012334,2012-12-06,5242
2012335,2012-12-07,8936
2012336,2012-12-08,5577
2012337,2012-12-09,4621
2012338,2012-12-10,3315
2012339,2012-12-11,2743
2012340,2012-12-12,6540
2012341,2012-12-13,4725
2012342,2012-12-14,4927
2012343,2012-12-15,7222
2012344,2012-12-16,4883
2012345,2012-12-17,3905
2012346,2012-12-18,4375
2012347,2012-12-19,4196
2012348,2012-12-20,8212
2012349,2012-12-21,0416
2012350,2012-12-22,8961
2012351,2012-12-23,9929
2012352,2012-12-24,9442
2012353,2012-12-25,4699
2012354,2012-12-26,1831
2012355,2012-12-27,3693
2012356,2012-12-28,4620
2012357,2012-12-29,1118
2012358,2012-12-30,0125
2012359,2012-12-31,1467
2013001,2013-01-01,5249
2013002,2013-01-02,5997
2013003,2013-01-03,7242
2013004,2013-01-04,1847
2013005,2013-01-05,4681
2013006,2013-01-06,8534
2013007,2013-01-07,6268
2013008,2013-01-08,5990
2013009,2013-01-09,5747
2013010,2013-01-10,6883
2013011,2013-01-11,6182
2013012,2013-01-12,7608
2013013,2013-01-13,2924
2013014,2013-01-14,2665
2013015,2013-01-15,6479
2013016,2013-01-16,7085
2013017,2013-01-17,3592
2013018,2013-01-18,8245
2013019,2013-01-19,5677
2013020,2013-01-20,9632
2013021,2013-01-21,7194
2013022,2013-01-22,7447
2013023,2013-01-23,6720
2013024,2013-01-24,8594
2013025,2013-01-25,3226
2013026,2013-01-26,8954
2013027,2013-01-27,4907
2013028,2013-01-28,0729
2013029,2013-01-29,7225
2013030,2013-01-30,3546
2013031,2013-01-31,5933
2013032,2013-02-01,8987
2013033,2013-02-02,3253
2013034,2013-02-03,6901
2013035,2013-02-04,4464
2013036,2013-02-05,9214
2013037,2013-02-06,3656
2013038,2013-02-07,8067
2013039,2013-02-08,9115
2013040,2013-02-16,8985
2013041,2013-02-17,9864
2013042,2013-02-18,0911
2013043,2013-02-19,5307
2013044,2013-02-20,7313
2013045,2013-02-21,2990
2013046,2013-02-22,4465
2013047,2013-02-23,0720
2013048,2013-02-24,2634
2013049,2013-02-25,7281
2013050,2013-02-26,2218
2013051,2013-02-27,6527
2013052,2013-02-28,6421
2013053,2013-03-01,2120
2013054,2013-03-02,7326
2013055,2013-03-03,0530
2013056,2013-03-04,4817
2013057,2013-03-05,6399
2013058,2013-03-06,2483
2013059,2013-03-07,9543
2013060,2013-03-08,5307
2013061,2013-03-09,1067
2013062,2013-03-10,1435
2013063,2013-03-11,8823
2013064,2013-03-12,4654
2013065,2013-03-13,2227
2013066,2013-03-14,1581
2013067,2013-03-15,0446
2013068,2013-03-16,2448
2013069,2013-03-17,1192
2013070,2013-03-18,1491
2013071,2013-03-19,0402
2013072,2013-03-20,3307
2013073,2013-03-21,0435
2013074,2013-03-22,8582
2013075,2013-03-23,9541
2013076,2013-03-24,5455
2013077,2013-03-25,9110
2013078,2013-03-26,6662
2013079,2013-03-27,1549
2013080,2013-03-28,2373
2013081,2013-03-29,8424
2013082,2013-03-30,5469
2013083,2013-03-31,7520
2013084,2013-04-01,1259
2013085,2013-04-02,5270
2013086,2013-04-03,6794
2013087,2013-04-04,0076
2013088,2013-04-05,8060
2013089,2013-04-06,0307
2013090,2013-04-07,1436
2013091,2013-04-08,0229
2013092,2013-04-09,6912
2013093,2013-04-10,4736
2013094,2013-04-11,5022
2013095,2013-04-12,5020
2013096,2013-04-13,3422
2013097,2013-04-14,4931
2013098,2013-04-15,2490
2013099,2013-04-16,0788
2013100,2013-04-17,7640
2013101,2013-04-18,2384
2013102,2013-04-19,8625
2013103,2013-04-20,9791
2013104,2013-04-21,8458
2013105,2013-04-22,8205
2013106,2013-04-23,5111
2013107,2013-04-24,7603
2013108,2013-04-25,3206
2013109,2013-04-26,0627
2013110,2013-04-27,1646
2013111,2013-04-28,1814
2013112,2013-04-29,6062
2013113,2013-04-30,5938
2013114,2013-05-01,2464
2013115,2013-05-02,9880
2013116,2013-05-03,0475
2013117,2013-05-04,8294
2013118,2013-05-05,4052
2013119,2013-05-06,0992
2013120,2013-05-07,2909
2013121,2013-05-08,5659
2013122,2013-05-09,8777
2013123,2013-05-10,0578
2013124,2013-05-11,3631
2013125,2013-05-12,4431
2013126,2013-05-13,6301
2013127,2013-05-14,5397
2013128,2013-05-15,0822
2013129,2013-05-16,0868
2013130,2013-05-17,0435
2013131,2013-05-18,3929
2013132,2013-05-19,1040
2013133,2013-05-20,0221
2013134,2013-05-21,2602
2013135,2013-05-22,3491
2013136,2013-05-23,5680
2013137,2013-05-24,1028
2013138,2013-05-25,0408
2013139,2013-05-26,0321
2013140,2013-05-27,8570
2013141,2013-05-28,4621
2013142,2013-05-29,9145
2013143,2013-05-30,8628
2013144,2013-05-31,1524
2013145,2013-06-01,2803
2013146,2013-06-02,7210
2013147,2013-06-03,6223
2013148,2013-06-04,8037
2013149,2013-06-05,9367
2013150,2013-06-06,0368
2013151,2013-06-07,8760
2013152,2013-06-08,4382
2013153,2013-06-09,2700
2013154,2013-06-10,9543
2013155,2013-06-11,0964
2013156,2013-06-12,1289
2013157,2013-06-13,5889
2013158,2013-06-14,4700
2013159,2013-06-15,5540
2013160,2013-06-16,0365
2013161,2013-06-17,1335
2013162,2013-06-18,1995
2013163,2013-06-19,1426
2013164,2013-06-20,9514
2013165,2013-06-21,5819
2013166,2013-06-22,4441
2013167,2013-06-23,3418
2013168,2013-06-24,8448
2013169,2013-06-25,2732
2013170,2013-06-26,4782
2013171,2013-06-27,0273
2013172,2013-06-28,2199
2013173,2013-06-29,3840
2013174,2013-06-30,2610
2013175,2013-07-01,6522
2013176,2013-07-02,6410
2013177,2013-07-03,3969
2013178,2013-07-04,6248
2013179,2013-07-05,5113
2013180,2013-07-06,6699
2013181,2013-07-07,1536
2013182,2013-07-08,6589
2013183,2013-07-09,4520
2013184,2013-07-10,8290
2013185,2013-07-11,2863
2013186,2013-07-12,5925
2013187,2013-07-13,2666
2013188,2013-07-14,6544
2013189,2013-07-15,2957
2013190,2013-07-16,1570
2013191,2013-07-17,4734
2013192,2013-07-18,5566
2013193,2013-07-19,7754
2013194,2013-07-20,5082
2013195,2013-07-21,5009
2013196,2013-07-22,6668
2013197,2013-07-23,2804
2013198,2013-07-24,5536
2013199,2013-07-25,6612
2013200,2013-07-26,4688
2013201,2013-07-27,2284
2013202,2013-07-28,1370
2013203,2013-07-29,0318
2013204,2013-07-30,4994
2013205,2013-07-31,8430
2013206,2013-08-01,1738
2013207,2013-08-02,9598
2013208,2013-08-03,4219
2013209,2013-08-04,5625
2013210,2013-08-05,5390
2013211,2013-08-06,7340
2013212,2013-08-07,1434
2013213,2013-08-08,3388
2013214,2013-08-09,7798
2013215,2013-08-10,5413
2013216,2013-08-11,0056
2013217,2013-08-12,8985
2013218,2013-08-13,1478
2013219,2013-08-14,5279
2013220,2013-08-15,3003
2013221,2013-08-16,6095
2013222,2013-08-17,6056
2013223,2013-08-18,5710
2013224,2013-08-19,0000
2013225,2013-08-20,9522
2013226,2013-08-21,0838
2013227,2013-08-22,5590
2013228,2013-08-23,7566
2013229,2013-08-24,2906
2013230,2013-08-25,4526
2013231,2013-08-26,0593
2013232,2013-08-27,6479
2013233,2013-08-28,4220
2013234,2013-08-29,5651
2013235,2013-08-30,9098
2013236,2013-08-31,5578
2013237,2013-09-01,6826
2013238,2013-09-02,6957
2013239,2013-09-03,6926
2013240,2013-09-04,7510
2013241,2013-09-05,8668
2013242,2013-09-06,5112
2013243,2013-09-07,4818
2013244,2013-09-08,6424
2013245,2013-09-09,3043
2013246,2013-09-10,2745
2013247,2013-09-11,6730
2013248,2013-09-12,4777
2013249,2013-09-13,6905
2013250,2013-09-14,7142
2013251,2013-09-15,6591
2013252,2013-09-16,9782
2013253,2013-09-17,6875
2013254,2013-09-18,8389
2013255,2013-09-19,0155
2013256,2013-09-20,2867
2013257,2013-09-21,6276
2013258,2013-09-22,9307
2013259,2013-09-23,0442
2013260,2013-09-24,8542
2013261,2013-09-25,5634
2013262,2013-09-26,4332
2013263,2013-09-27,5219
2013264,2013-09-28,0353
2013265,2013-09-29,8213
2013266,2013-09-30,9262
2013267,2013-10-01,9150
2013268,2013-10-02,8312
2013269,2013-10-03,3057
2013270,2013-10-04,2539
2013271,2013-10-05,7916
2013272,2013-10-06,6908
2013273,2013-10-07,4186
2013274,2013-10-08,6958
2013275,2013-10-09,1651
2013276,2013-10-10,8455
2013277,2013-10-11,4538
2013278,2013-10-12,3938
2013279,2013-10-13,9006
2013280,2013-10-14,5750
2013281,2013-10-15,9975
2013282,2013-10-16,9011
2013283,2013-10-17,3143
2013284,2013-10-18,8548
2013285,2013-10-19,5715
2013286,2013-10-20,2475
2013287,2013-10-21,9097
2013288,2013-10-22,9268
2013289,2013-10-23,6077
2013290,2013-10-24,6630
2013291,2013-10-25,5566
2013292,2013-10-26,9494
2013293,2013-10-27,4218
2013294,2013-10-28,7326
2013295,2013-10-29,8205
2013296,2013-10-30,5571
2013297,2013-10-31,3899
2013298,2013-11-01,3375
2013299,2013-11-02,0876
2013300,2013-11-03,1924
2013301,2013-11-04,3764
2013302,2013-11-05,3160
2013303,2013-11-06,8200
2013304,2013-11-07,0148
2013305,2013-11-08,2381
2013306,2013-11-09,1206
2013307,2013-11-10,5988
2013308,2013-11-11,2573
2013309,2013-11-12,3089
2013310,2013-11-13,8737
2013311,2013-11-14,6942
2013312,2013-11-15,4696
2013313,2013-11-16,7134
2013314,2013-11-17,7007
2013315,2013-11-18,4979
2013316,2013-11-19,8324
2013317,2013-11-20,4552
2013318,2013-11-21,7800
2013319,2013-11-22,9183
2013320,2013-11-23,3887
2013321,2013-11-24,8009
2013322,2013-11-25,1579
2013323,2013-11-26,5257
2013324,2013-11-27,1696
2013325,2013-11-28,7759
2013326,2013-11-29,3310
2013327,2013-11-30,7751
2013328,2013-12-01,9019
2013329,2013-12-02,3581
2013330,2013-12-03,8935
2013331,2013-12-04,1894
2013332,2013-12-05,7266
2013333,2013-12-06,6651
2013334,2013-12-07,4394
2013335,2013-12-08,8522
2013336,2013-12-09,1668
2013337,2013-12-10,3265
2013338,2013-12-11,5492
2013339,2013-12-12,9583
2013340,2013-12-13,4140
2013341,2013-12-14,1564
2013342,2013-12-15,2540
2013343,2013-12-16,6615
2013344,2013-12-17,1100
2013345,2013-12-18,0678
2013346,2013-12-19,7674
2013347,2013-12-20,7971
2013348,2013-12-21,5666
2013349,2013-12-22,8337
2013350,2013-12-23,0521
2013351,2013-12-24,2117
2013352,2013-12-25,4542
2013353,2013-12-26,5894
2013354,2013-12-27,9979
2013355,2013-12-28,0309
2013356,2013-12-29,8005
2013357,2013-12-30,1547
2013358,2013-12-31,9880
2014001,2014-01-01,9634
2014002,2014-01-02,3759
2014003,2014-01-03,6129
2014004,2014-01-04,9290
2014005,2014-01-05,1215
2014006,2014-01-06,3445
2014007,2014-01-07,4248
2014008,2014-01-08,1347
2014009,2014-01-09,6185
2014010,2014-01-10,4164
2014011,2014-01-11,5373
2014012,2014-01-12,9023
2014013,2014-01-13,6008
2014014,2014-01-14,5350
2014015,2014-01-15,1750
2014016,2014-01-16,9824
2014017,2014-01-17,0715
2014018,2014-01-18,0216
2014019,2014-01-19,4307
2014020,2014-01-20,1820
2014021,2014-01-21,3546
2014022,2014-01-22,6034
2014023,2014-01-23,6498
2014024,2014-01-24,2248
2014025,2014-01-25,2074
2014026,2014-01-26,1074
2014027,2014-01-27,7271
2014028,2014-01-28,4401
2014029,2014-01-29,6057
2014030,2014-02-07,4058
2014031,2014-02-08,8918
2014032,2014-02-09,2666
2014033,2014-02-10,9491
2014034,2014-02-11,5186
2014035,2014-02-12,4670
2014036,2014-02-13,1045
2014037,2014-02-14,1857
2014038,2014-02-15,2915
2014039,2014-02-16,9222
2014040,2014-02-17,9018
2014041,2014-02-18,7254
2014042,2014-02-19,3638
2014043,2014-02-20,5010
2014044,2014-02-21,3542
2014045,2014-02-22,7472
2014046,2014-02-23,5842
2014047,2014-02-24,8986
2014048,2014-02-25,8611
2014049,2014-02-26,9089
2014050,2014-02-27,4243
2014051,2014-02-28,5364
2014052,2014-03-01,0325
2014053,2014-03-02,8123
2014054,2014-03-03,7258
2014055,2014-03-04,8073
2014056,2014-03-05,6782
2014057,2014-03-06,5015
2014058,2014-03-07,3226
2014059,2014-03-08,4294
2014060,2014-03-09,9323
2014061,2014-03-10,2250
2014062,2014-03-11,3823
2014063,2014-03-12,4782
2014064,2014-03-13,2181
2014065,2014-03-14,2903
2014066,2014-03-15,0033
2014067,2014-03-16,3180
2014068,2014-03-17,1023
2014069,2014-03-18,0644
2014070,2014-03-19,1192
2014071,2014-03-20,2924
2014072,2014-03-21,4887
2014073,2014-03-22,0426
2014074,2014-03-23,5000
2014075,2014-03-24,4147
2014076,2014-03-25,3827
2014077,2014-03-26,7476
2014078,2014-03-27,4676
2014079,2014-03-28,7941
2014080,2014-03-29,5874
2014081,2014-03-30,2063
2014082,2014-03-31,3241
2014083,2014-04-01,0932
2014084,2014-04-02,9870
2014085,2014-04-03,2431
2014086,2014-04-04,7952
2014087,2014-04-05,8441
2014088,2014-04-06,5719
2014089,2014-04-07,6609
2014090,2014-04-08,8389
2014091,2014-04-09,4967
2014092,2014-04-10,5083
2014093,2014-04-11,1961
2014094,2014-04-12,1891
2014095,2014-04-13,7757
2014096,2014-04-14,2164
2014097,2014-04-15,7747
2014098,2014-04-16,1394
2014099,2014-04-17,4644
2014100,2014-04-18,2695
2014101,2014-04-19,1099
2014102,2014-04-20,7509
2014103,2014-04-21,8324
2014104,2014-04-22,5762
2014105,2014-04-23,4903
2014106,2014-04-24,0821
2014107,2014-04-25,6392
2014108,2014-04-26,1685
2014109,2014-04-27,6529
2014110,2014-04-28,4755
2014111,2014-04-29,9054
2014112,2014-04-30,0139
2014113,2014-05-01,7584
2014114,2014-05-02,2143
2014115,2014-05-03,1657
2014116,2014-05-04,9063
2014117,2014-05-05,8951
2014118,2014-05-06,1943
2014119,2014-05-07,9049
2014120,2014-05-08,2444
2014121,2014-05-09,5807
2014122,2014-05-10,2039
2014123,2014-05-11,8317
2014124,2014-05-12,3958
2014125,2014-05-13,1474
2014126,2014-05-14,8484
2014127,2014-05-15,2278
2014128,2014-05-16,2151
2014129,2014-05-17,0884
2014130,2014-05-18,0142
2014131,2014-05-19,5941
2014132,2014-05-20,3516
2014133,2014-05-21,0062
2014134,2014-05-22,6331
2014135,2014-05-23,1446
2014136,2014-05-24,2683
2014137,2014-05-25,5582
2014138,2014-05-26,3875
2014139,2014-05-27,1388
2014140,2014-05-28,7663
2014141,2014-05-29,8102
2014142,2014-05-30,6564
2014143,2014-05-31,6758
2014144,2014-06-01,8657
2014145,2014-06-02,4153
2014146,2014-06-03,8188
2014147,2014-06-04,1428
2014148,2014-06-05,2950
2014149,2014-06-06,6897
2014150,2014-06-07,0280
2014151,2014-06-08,9872
2014152,2014-06-09,0280
2014153,2014-06-10,3089
2014154,2014-06-11,2689
2014155,2014-06-12,2134
2014156,2014-06-13,1598
2014157,2014-06-14,0799
2014158,2014-06-15,3709
2014159,2014-06-16,0906
2014160,2014-06-17,9285
2014161,2014-06-18,5509
2014162,2014-06-19,7291
2014163,2014-06-20,3028
2014164,2014-06-21,9934
2014165,2014-06-22,1529
2014166,2014-06-23,0993
2014167,2014-06-24,7650
2014168,2014-06-25,1986
2014169,2014-06-26,1046
2014170,2014-06-27,2574
2014171,2014-06-28,6309
2014172,2014-06-29,9598
2014173,2014-06-30,8888
2014174,2014-07-01,4097
2014175,2014-07-02,6910
2014176,2014-07-03,0346
2014177,2014-07-04,5804
2014178,2014-07-05,9091
2014179,2014-07-06,2649
2014180,2014-07-07,7591
2014181,2014-07-08,7275
2014182,2014-07-09,7538
2014183,2014-07-10,7749
2014184,2014-07-11,5233
2014185,2014-07-12,4525
2014186,2014-07-13,6057
2014187,2014-07-14,3265
2014188,2014-07-15,3022
2014189,2014-07-16,5503
2014190,2014-07-17,5376
2014191,2014-07-18,7570
2014192,2014-07-19,5391
2014193,2014-07-20,5136
2014194,2014-07-21,0464
2014195,2014-07-22,8406
2014196,2014-07-23,4601
2014197,2014-07-24,9742
2014198,2014-07-25,8938
2014199,2014-07-26,2513
2014200,2014-07-27,0257
2014201,2014-07-28,8347
2014202,2014-07-29,4755
2014203,2014-07-30,4118
2014204,2014-07-31,5647
2014205,2014-08-01,9077
2014206,2014-08-02,9064
2014207,2014-08-03,1473
2014208,2014-08-04,7788
2014209,2014-08-05,7122
2014210,2014-08-06,4058
2014211,2014-08-07,2057
2014212,2014-08-08,0561
2014213,2014-08-09,7759
2014214,2014-08-10,2143
2014215,2014-08-11,6098
2014216,2014-08-12,0333
2014217,2014-08-13,1377
2014218,2014-08-14,8088
2014219,2014-08-15,2951
2014220,2014-08-16,4491
2014221,2014-08-17,2723
2014222,2014-08-18,5045
2014223,2014-08-19,8045
2014224,2014-08-20,6967
2014225,2014-08-21,7921
2014226,2014-08-22,1936
2014227,2014-08-23,3267
2014228,2014-08-24,2434
2014229,2014-08-25,4745
2014230,2014-08-26,0830
2014231,2014-08-27,4632
2014232,2014-08-28,6146
2014233,2014-08-29,9216
2014234,2014-08-30,0713
2014235,2014-08-31,7480
2014236,2014-09-01,8414
2014237,2014-09-02,6858
2014238,2014-09-03,4197
2014239,2014-09-04,7247
2014240,2014-09-05,8645
2014241,2014-09-06,8585
2014242,2014-09-07,2454
2014243,2014-09-08,7990
2014244,2014-09-09,3021
2014245,2014-09-10,6192
2014246,2014-09-11,2223
2014247,2014-09-12,2291
2014248,2014-09-13,4412
2014249,2014-09-14,8108
2014250,2014-09-15,1773
2014251,2014-09-16,4214
2014252,2014-09-17,5578
2014253,2014-09-18,4413
2014254,2014-09-19,9247
2014255,2014-09-20,6914
2014256,2014-09-21,7714
2014257,2014-09-22,6660
2014258,2014-09-23,4523
2014259,2014-09-24,1104
2014260,2014-09-25,3667
2014261,2014-09-26,4126
2014262,2014-09-27,2192
2014263,2014-09-28,8575
2014264,2014-09-29,1075
2014265,2014-09-30,4592
2014266,2014-10-01,5069
2014267,2014-10-02,1493
2014268,2014-10-03,7406
2014269,2014-10-04,0325
2014270,2014-10-05,6585
2014271,2014-10-06,7705
2014272,2014-10-07,4173
2014273,2014-10-08,5853
2014274,2014-10-09,4753
2014275,2014-10-10,2861
2014276,2014-10-11,4972
2014277,2014-10-12,5133
2014278,2014-10-13,7394
2014279,2014-10-14,5929
2014280,2014-10-15,1317
2014281,2014-10-16,7944
2014282,2014-10-17,5907
2014283,2014-10-18,3439
2014284,2014-10-19,0186
2014285,2014-10-20,8264
2014286,2014-10-21,9880
2014287,2014-10-22,2759
2014288,2014-10-23,2452
2014289,2014-10-24,0484
2014290,2014-10-25,4332
2014291,2014-10-26,4880
2014292,2014-10-27,8418
2014293,2014-10-28,3599
2014294,2014-10-29,8156
2014295,2014-10-30,7946
2014296,2014-10-31,3997
2014297,2014-11-01,8881
2014298,2014-11-02,2805
2014299,2014-11-03,5325
2014300,2014-11-04,2901
2014301,2014-11-05,5242
2014302,2014-11-06,8625
2014303,2014-11-07,0781
2014304,2014-11-08,7502
2014305,2014-11-09,0048
2014306,2014-11-10,1310
2014307,2014-11-11,2963
2014308,2014-11-12,1809
2014309,2014-11-13,3828
2014310,2014-11-14,4891
2014311,2014-11-15,2968
2014312,2014-11-16,3775
2014313,2014-11-17,4020
2014314,2014-11-18,7953
2014315,2014-11-19,1534
2014316,2014-11-20,3715
2014317,2014-11-21,0591
2014318,2014-11-22,5945
2014319,2014-11-23,6965
2014320,2014-11-24,2360
2014321,2014-11-25,6529
2014322,2014-11-26,9698
2014323,2014-11-27,8261
2014324,2014-11-28,5891
2014325,2014-11-29,0376
2014326,2014-11-30,8815
2014327,2014-12-01,3544
2014328,2014-12-02,5432
2014329,2014-12-03,3597
2014330,2014-12-04,7800
2014331,2014-12-05,7135
2014332,2014-12-06,6669
2014333,2014-12-07,6956
2014334,2014-12-08,3944
2014335,2014-12-09,9012
2014336,2014-12-10,7535
2014337,2014-12-11,6622
2014338,2014-12-12,3985
2014339,2014-12-13,5898
2014340,2014-12-14,1292
2014341,2014-12-15,7117
2014342,2014-12-16,9768
2014343,2014-12-17,6878
2014344,2014-12-18,0974
2014345,2014-12-19,5124
2014346,2014-12-20,2044
2014347,2014-12-21,9823
2014348,2014-12-22,1684
2014349,2014-12-23,6616
2014350,2014-12-24,2665
2014351,2014-12-25,6884
2014352,2014-12-26,0600
2014353,2014-12-27,3556
2014354,2014-12-28,0695
2014355,2014-12-29,9500
2014356,2014-12-30,7868
2014357,2014-12-31,3628
2015001,2015-01-01,3974
2015002,2015-01-02,7498
2015003,2015-01-03,5247
2015004,2015-01-04,1428
2015005,2015-01-05,6939
2015006,2015-01-06,9478
2015007,2015-01-07,0393
2015008,2015-01-08,6138
2015009,2015-01-09,5749
2015010,2015-01-10,8622
2015011,2015-01-11,3182
2015012,2015-01-12,8649
2015013,2015-01-13,4120
2015014,2015-01-14,4037
2015015,2015-01-15,8454
2015016,2015-01-16,2908
2015017,2015-01-17,8800
2015018,2015-01-18,8311
2015019,2015-01-19,9148
2015020,2015-01-20,2166
2015021,2015-01-21,3395
2015022,2015-01-22,7589
2015023,2015-01-23,4968
2015024,2015-01-24,6061
2015025,2015-01-25,3811
2015026,2015-01-26,8332
2015027,2015-01-27,2811
2015028,2015-01-28,3574
2015029,2015-01-29,9275
2015030,2015-01-30,8206
2015031,2015-01-31,5243
2015032,2015-02-01,4134
2015033,2015-02-02,9863
2015034,2015-02-03,0493
2015035,2015-02-04,6745
2015036,2015-02-05,8711
2015037,2015-02-06,1519
2015038,2015-02-07,9223
2015039,2015-02-08,5485
2015040,2015-02-09,4669
2015041,2015-02-10,5384
2015042,2015-02-11,2327
2015043,2015-02-12,7513
2015044,2015-02-13,7254
2015045,2015-02-14,5770
2015046,2015-02-15,3053
2015047,2015-02-16,8004
2015048,2015-02-17,0852
2015049,2015-02-25,2514
2015050,2015-02-26,0391
2015051,2015-02-27,9517
2015052,2015-02-28,5981
2015053,2015-03-01,7471
2015054,2015-03-02,0633
2015055,2015-03-03,9699
2015056,2015-03-04,8130
2015057,2015-03-05,7796
2015058,2015-03-06,8892
2015059,2015-03-07,0245
2015060,2015-03-08,4472
2015061,2015-03-09,9181
2015062,2015-03-10,0685
2015063,2015-03-11,1385
2015064,2015-03-12,5275
2015065,2015-03-13,6962
2015066,2015-03-14,2082
2015067,2015-03-15,7185
2015068,2015-03-16,5597
2015069,2015-03-17,9861
2015070,2015-03-18,4187
2015071,2015-03-19,7590
2015072,2015-03-20,7934
2015073,2015-03-21,9421
2015074,2015-03-22,4416
2015075,2015-03-23,4230
2015076,2015-03-24,9376
2015077,2015-03-25,9659
2015078,2015-03-26,1148
2015079,2015-03-27,5280
2015080,2015-03-28,3201
2015081,2015-03-29,6031
2015082,2015-03-30,2551
2015083,2015-03-31,0131
2015084,2015-04-01,9415
2015085,2015-04-02,4165
2015086,2015-04-03,9300
2015087,2015-04-04,0134
2015088,2015-04-05,1081
2015089,2015-04-06,6548
2015090,2015-04-07,6848
2015091,2015-04-08,7951
2015092,2015-04-09,7031
2015093,2015-04-10,6024
2015094,2015-04-11,5462
2015095,2015-04-12,2378
2015096,2015-04-13,2182
2015097,2015-04-14,6883
2015098,2015-04-15,4131
2015099,2015-04-16,7715
2015100,2015-04-17,5366
2015101,2015-04-18,6332
2015102,2015-04-19,3953
2015103,2015-04-20,4990
2015104,2015-04-21,9865
2015105,2015-04-22,7004
2015106,2015-04-23,6889
2015107,2015-04-24,7106
2015108,2015-04-25,8653
2015109,2015-04-26,6497
2015110,2015-04-27,8245
2015111,2015-04-28,9721
2015112,2015-04-29,9718
2015113,2015-04-30,7772
2015114,2015-05-01,3107
2015115,2015-05-02,6230
2015116,2015-05-03,7687
2015117,2015-05-04,7609
2015118,2015-05-05,2735
2015119,2015-05-06,6144
2015120,2015-05-07,8749
2015121,2015-05-08,6403
2015122,2015-05-09,6754
2015123,2015-05-10,5904
2015124,2015-05-11,5133
2015125,2015-05-12,5440
2015126,2015-05-13,2112
2015127,2015-05-14,0818
2015128,2015-05-15,8923
2015129,2015-05-16,2327
2015130,2015-05-17,5122
2015131,2015-05-18,7747
2015132,2015-05-19,3939
2015133,2015-05-20,9562
2015134,2015-05-21,1569
2015135,2015-05-22,0275
2015136,2015-05-23,8843
2015137,2015-05-24,2298
2015138,2015-05-25,4732
2015139,2015-05-26,8111
2015140,2015-05-27,6779
2015141,2015-05-28,9292
2015142,2015-05-29,2966
2015143,2015-05-30,2404
2015144,2015-05-31,0545
2015145,2015-06-01,6270
2015146,2015-06-02,3188
2015147,2015-06-03,0750
2015148,2015-06-04,1615
2015149,2015-06-05,0844
2015150,2015-06-06,7758
2015151,2015-06-07,4551
2015152,2015-06-08,6817
2015153,2015-06-09,0880
2015154,2015-06-10,2244
2015155,2015-06-11,4053
2015156,2015-06-12,9737
2015157,2015-06-13,0843
2015158,2015-06-14,7639
2015159,2015-06-15,7220
2015160,2015-06-16,1731
2015161,2015-06-17,6627
2015162,2015-06-18,0768
2015163,2015-06-19,6463
2015164,2015-06-20,3929
2015165,2015-06-21,3898
2015166,2015-06-22,5339
2015167,2015-06-23,3569
2015168,2015-06-24,7440
2015169,2015-06-25,1604
2015170,2015-06-26,9002
2015171,2015-06-27,4105
2015172,2015-06-28,4060
2015173,2015-06-29,5379
2015174,2015-06-30,9347
2015175,2015-07-01,6161
2015176,2015-07-02,7620
2015177,2015-07-03,0701
2015178,2015-07-04,7201
2015179,2015-07-05,5359
2015180,2015-07-06,0202
2015181,2015-07-07,8680
2015182,2015-07-08,7845
2015183,2015-07-09,6536
2015184,2015-07-10,2911
2015185,2015-07-11,7985
2015186,2015-07-12,7852
2015187,2015-07-13,0587
2015188,2015-07-14,3194
2015189,2015-07-15,7629
2015190,2015-07-16,6889
2015191,2015-07-17,5143
2015192,2015-07-18,6668
2015193,2015-07-19,7020
2015194,2015-07-20,2774
2015195,2015-07-21,9466
2015196,2015-07-22,8625
2015197,2015-07-23,4021
2015198,2015-07-24,3133
2015199,2015-07-25,8679
2015200,2015-07-26,9348
2015201,2015-07-27,0638
2015202,2015-07-28,3950
2015203,2015-07-29,6472
2015204,2015-07-30,0684
2015205,2015-07-31,2122
2015206,2015-08-01,8818
2015207,2015-08-02,3385
2015208,2015-08-03,3534
2015209,2015-08-04,7279
2015210,2015-08-05,7289
2015211,2015-08-06,9514
2015212,2015-08-07,6143
2015213,2015-08-08,0555
2015214,2015-08-09,1909
2015215,2015-08-10,1547
2015216,2015-08-11,2545
2015217,2015-08-12,2426
2015218,2015-08-13,2325
2015219,2015-08-14,1928
2015220,2015-08-15,3287
2015221,2015-08-16,7816
2015222,2015-08-17,4386
2015223,2015-08-18,3872
2015224,2015-08-19,6414
2015225,2015-08-20,8594
2015226,2015-08-21,4402
2015227,2015-08-22,4428
2015228,2015-08-23,3121
2015229,2015-08-24,9914
2015230,2015-08-25,7275
2015231,2015-08-26,5099
2015232,2015-08-27,5320
2015233,2015-08-28,9836
2015234,2015-08-29,4360
2015235,2015-08-30,4654
2015236,2015-08-31,9107
2015237,2015-09-01,3042
2015238,2015-09-02,1275
2015239,2015-09-03,9319
2015240,2015-09-04,6891
2015241,2015-09-05,6512
2015242,2015-09-06,6780
2015243,2015-09-07,0088
2015244,2015-09-08,3508
2015245,2015-09-09,9874
2015246,2015-09-10,7789
2015247,2015-09-11,0658
2015248,2015-09-12,2513
2015249,2015-09-13,4612
2015250,2015-09-14,7132
2015251,2015-09-15,4943
2015252,2015-09-16,4511
2015253,2015-09-17,2924
2015254,2015-09-18,3436
2015255,2015-09-19,4303
2015256,2015-09-20,1566
2015257,2015-09-21,0230
2015258,2015-09-22,3746
2015259,2015-09-23,9529
2015260,2015-09-24,2582
2015261,2015-09-25,8338
2015262,2015-09-26,2526
2015263,2015-09-27,2164
2015264,2015-09-28,1738
2015265,2015-09-29,9254
2015266,2015-09-30,0845
2015267,2015-10-01,6525
2015268,2015-10-02,8080
2015269,2015-10-03,2583
2015270,2015-10-04,1156
2015271,2015-10-05,9792
2015272,2015-10-06,4195
2015273,2015-10-07,2547
2015274,2015-10-08,3066
2015275,2015-10-09,9348
2015276,2015-10-10,8916
2015277,2015-10-11,4838
2015278,2015-10-12,0117
2015279,2015-10-13,2177
2015280,2015-10-14,9887
2015281,2015-10-15,0904
2015282,2015-10-16,4920
2015283,2015-10-17,2349
2015284,2015-10-18,6320
2015285,2015-10-19,4219
2015286,2015-10-20,0749
2015287,2015-10-21,0508
2015288,2015-10-22,8424
2015289,2015-10-23,5290
2015290,2015-10-24,0649
2015291,2015-10-25,1201
2015292,2015-10-26,2968
2015293,2015-10-27,4321
2015294,2015-10-28,0412
2015295,2015-10-29,3054
2015296,2015-10-30,9054
2015297,2015-10-31,4405
2015298,2015-11-01,5944
2015299,2015-11-02,6275
2015300,2015-11-03,8458
2015301,2015-11-04,4492
2015302,2015-11-05,6428
2015303,2015-11-06,4410
2015304,2015-11-07,2712
2015305,2015-11-08,5492
2015306,2015-11-09,2173
2015307,2015-11-10,0692
2015308,2015-11-11,3795
2015309,2015-11-12,0037
2015310,2015-11-13,2578
2015311,2015-11-14,2332
2015312,2015-11-15,4355
2015313,2015-11-16,5550
2015314,2015-11-17,0653
2015315,2015-11-18,7504
2015316,2015-11-19,0217
2015317,2015-11-20,8121
2015318,2015-11-21,3491
2015319,2015-11-22,6199
2015320,2015-11-23,8843
2015321,2015-11-24,8363
2015322,2015-11-25,6449
2015323,2015-11-26,1697
2015324,2015-11-27,7936
2015325,2015-11-28,9296
2015326,2015-11-29,8756
2015327,2015-11-30,4298
2015328,2015-12-01,4970
2015329,2015-12-02,6755
2015330,2015-12-03,0565
2015331,2015-12-04,7802
2015332,2015-12-05,6904
2015333,2015-12-06,3888
2015334,2015-12-07,0523
2015335,2015-12-08,5624
2015336,2015-12-09,6581
2015337,2015-12-10,9139
2015338,2015-12-11,9092
2015339,2015-12-12,9973
2015340,2015-12-13,8281
2015341,2015-12-14,6641
2015342,2015-12-15,5963
2015343,2015-12-16,5807
2015344,2015-12-17,2537
2015345,2015-12-18,2934
2015346,2015-12-19,7019
2015347,2015-12-20,1457
2015348,2015-12-21,8787
2015349,2015-12-22,7502
2015350,2015-12-23,8135
2015351,2015-12-24,9745
2015352,2015-12-25,9181
2015353,2015-12-26,3497
2015354,2015-12-27,3914
2015355,2015-12-28,8713
2015356,2015-12-29,3976
2015357,2015-12-30,4322
2015358,2015-12-31,0098
2016001,2016-01-01,8281
2016002,2016-01-02,5670
2016003,2016-01-03,5739
2016004,2016-01-04,5432
2016005,2016-01-05,4398
2016006,2016-01-06,1011
2016007,2016-01-07,1741
2016008,2016-01-08,9679
2016009,2016-01-09,6484
2016010,2016-01-10,8237
2016011,2016-01-11,4617
2016012,2016-01-12,5305
2016013,2016-01-13,0198
2016014,2016-01-14,9258
2016015,2016-01-15,6862
2016016,2016-01-16,8413
2016017,2016-01-17,8616
2016018,2016-01-18,6465
2016019,2016-01-19,8836
2016020,2016-01-20,6936
2016021,2016-01-21,4024
2016022,2016-01-22,7448
2016023,2016-01-23,0415
2016024,2016-01-24,0917
2016025,2016-01-25,5005
2016026,2016-01-26,4033
2016027,2016-01-27,7297
2016028,2016-01-28,2628
2016029,2016-01-29,2252
2016030,2016-01-30,9885
2016031,2016-01-31,4579
2016032,2016-02-01,5557
2016033,2016-02-02,0025
2016034,2016-02-03,1022
2016035,2016-02-04,0517
2016036,2016-02-05,2582
2016037,2016-02-06,6241
2016038,2016-02-14,8238
2016039,2016-02-15,5032
2016040,2016-02-16,0472
2016041,2016-02-17,7205
2016042,2016-02-18,7297
2016043,2016-02-19,9446
2016044,2016-02-20,0128
2016045,2016-02-21,6126
2016046,2016-02-22,1262
2016047,2016-02-23,1329
2016048,2016-02-24,3372
2016049,2016-02-25,6188
2016050,2016-02-26,1407
2016051,2016-02-27,1021
2016052,2016-02-28,7926
2016053,2016-02-29,4470
2016054,2016-03-01,7367
2016055,2016-03-02,3235
2016056,2016-03-03,6654
2016057,2016-03-04,7647
2016058,2016-03-05,1193
2016059,2016-03-06,0781
2016060,2016-03-07,6868
2016061,2016-03-08,6757
2016062,2016-03-09,4772
2016063,2016-03-10,4914
2016064,2016-03-11,4550
2016065,2016-03-12,0169
2016066,2016-03-13,4556
2016067,2016-03-14,4455
2016068,2016-03-15,0135
2016069,2016-03-16,9953
2016070,2016-03-17,7893
2016071,2016-03-18,5308
2016072,2016-03-19,2998
2016073,2016-03-20,9721
2016074,2016-03-21,9517
2016075,2016-03-22,6372
2016076,2016-03-23,6060
2016077,2016-03-24,7825
2016078,2016-03-25,4679
2016079,2016-03-26,3900
2016080,2016-03-27,6702
2016081,2016-03-28,1509
2016082,2016-03-29,7482
2016083,2016-03-30,2341
2016084,2016-03-31,0236
2016085,2016-04-01,9976
2016086,2016-04-02,0659
2016087,2016-04-03,9172
2016088,2016-04-04,5474
2016089,2016-04-05,9833
2016090,2016-04-06,8677
2016091,2016-04-07,1332
2016092,2016-04-08,2731
2016093,2016-04-09,9828
2016094,2016-04-10,9607
2016095,2016-04-11,8697
2016096,2016-04-12,4109
2016097,2016-04-13,1116
2016098,2016-04-14,9829
2016099,2016-04-15,3329
2016100,2016-04-16,0374
2016101,2016-04-17,6034
2016102,2016-04-18,8852
2016103,2016-04-19,7629
2016104,2016-04-20,2195
2016105,2016-04-21,6113
2016106,2016-04-22,0375
2016107,2016-04-23,2407
2016108,2016-04-24,2368
2016109,2016-04-25,0716
2016110,2016-04-26,7725
2016111,2016-04-27,4765
2016112,2016-04-28,6111
2016113,2016-04-29,2978
2016114,2016-04-30,2182
2016115,2016-05-01,0021
2016116,2016-05-02,4883
2016117,2016-05-03,9455
2016118,2016-05-04,3698
2016119,2016-05-05,1391
2016120,2016-05-06,8773
2016121,2016-05-07,5645
2016122,2016-05-08,4362
2016123,2016-05-09,1470
2016124,2016-05-10,8567
2016125,2016-05-11,2017
2016126,2016-05-12,0639
2016127,2016-05-13,9970
2016128,2016-05-14,7446
2016129,2016-05-15,4054
2016130,2016-05-16,2476
2016131,2016-05-17,6651
2016132,2016-05-18,4910
2016133,2016-05-19,7111
2016134,2016-05-20,9230
2016135,2016-05-21,1442
2016136,2016-05-22,6653
2016137,2016-05-23,9667
2016138,2016-05-24,1331
2016139,2016-05-25,1887
2016140,2016-05-26,6566
2016141,2016-05-27,7207
2016142,2016-05-28,3477
2016143,2016-05-29,1127
2016144,2016-05-30,5682
2016145,2016-05-31,0144
2016146,2016-06-01,1458
2016147,2016-06-02,9764
2016148,2016-06-03,7876
2016149,2016-06-04,7579
2016150,2016-06-05,1148
2016151,2016-06-06,6160
2016152,2016-06-07,1251
2016153,2016-06-08,6223
2016154,2016-06-09,7127
2016155,2016-06-10,9996
2016156,2016-06-11,3163
2016157,2016-06-12,6031
2016158,2016-06-13,6178
2016159,2016-06-14,8356
2016160,2016-06-15,6573
2016161,2016-06-16,8453
2016162,2016-06-17,7088
2016163,2016-06-18,9707
2016164,2016-06-19,7232
2016165,2016-06-20,5713
2016166,2016-06-21,4124
2016167,2016-06-22,9690
2016168,2016-06-23,9004
2016169,2016-06-24,1960
2016170,2016-06-25,4097
2016171,2016-06-26,0581
2016172,2016-06-27,7608
2016173,2016-06-28,2623
2016174,2016-06-29,1115
2016175,2016-06-30,6308
2016176,2016-07-01,7657
2016177,2016-07-02,5851
2016178,2016-07-03,9002
2016179,2016-07-04,4568
2016180,2016-07-05,6326
2016181,2016-07-06,4371
2016182,2016-07-07,2003
2016183,2016-07-08,5734
2016184,2016-07-09,3599
2016185,2016-07-10,5423
2016186,2016-07-11,8117
2016187,2016-07-12,3074
2016188,2016-07-13,8428
2016189,2016-07-14,1316
2016190,2016-07-15,0269
2016191,2016-07-16,2084
2016192,2016-07-17,3251
2016193,2016-07-18,7837
2016194,2016-07-19,5572
2016195,2016-07-20,0242
2016196,2016-07-21,3398
2016197,2016-07-22,3006
2016198,2016-07-23,2894
2016199,2016-07-24,5103
2016200,2016-07-25,5835
2016201,2016-07-26,3746
2016202,2016-07-27,5846
2016203,2016-07-28,0448
2016204,2016-07-29,2442
2016205,2016-07-30,4354
2016206,2016-07-31,7882
2016207,2016-08-01,7759
2016208,2016-08-02,2841
2016209,2016-08-03,2995
2016210,2016-08-04,3053
2016211,2016-08-05,4631
2016212,2016-08-06,6938
2016213,2016-08-07,6586
2016214,2016-08-08,7095
2016215,2016-08-09,7872
2016216,2016-08-10,3980
2016217,2016-08-11,4499
2016218,2016-08-12,9005
2016219,2016-08-13,0471
2016220,2016-08-14,0737
2016221,2016-08-15,6123
2016222,2016-08-16,4258
2016223,2016-08-17,0634
2016224,2016-08-18,6569
2016225,2016-08-19,6360
2016226,2016-08-20,0168
2016227,2016-08-21,3972
2016228,2016-08-22,8652
2016229,2016-08-23,0427
2016230,2016-08-24,5665
2016231,2016-08-25,2855
2016232,2016-08-26,9165
2016233,2016-08-27,5689
2016234,2016-08-28,9761
2016235,2016-08-29,4504
2016236,2016-08-30,2630
2016237,2016-08-31,2847
2016238,2016-09-01,5439
2016239,2016-09-02,5859
2016240,2016-09-03,6394
2016241,2016-09-04,3204
2016242,2016-09-05,7526
2016243,2016-09-06,4160
2016244,2016-09-07,1539
2016245,2016-09-08,3894
2016246,2016-09-09,7827
2016247,2016-09-10,8826
2016248,2016-09-11,7271
2016249,2016-09-12,9735
2016250,2016-09-13,1626
2016251,2016-09-14,3067
2016252,2016-09-15,4591
2016253,2016-09-16,6919
2016254,2016-09-17,6529
2016255,2016-09-18,3350
2016256,2016-09-19,1370
2016257,2016-09-20,3890
2016258,2016-09-21,9610
2016259,2016-09-22,3969
2016260,2016-09-23,0383
2016261,2016-09-24,9941
2016262,2016-09-25,3584
2016263,2016-09-26,1109
2016264,2016-09-27,6711
2016265,2016-09-28,6950
2016266,2016-09-29,6402
2016267,2016-09-30,1410
2016268,2016-10-01,0762
2016269,2016-10-02,2211
2016270,2016-10-03,0424
2016271,2016-10-04,8755
2016272,2016-10-05,1969
2016273,2016-10-06,5836
2016274,2016-10-07,9059
2016275,2016-10-08,8204
2016276,2016-10-09,9645
2016277,2016-10-10,5847
2016278,2016-10-11,2328
2016279,2016-10-12,5062
2016280,2016-10-13,8020
2016281,2016-10-14,1369
2016282,2016-10-15,8282
2016283,2016-10-16,0047
2016284,2016-10-17,4670
2016285,2016-10-18,7283
2016286,2016-10-19,6233
2016287,2016-10-20,8901
2016288,2016-10-21,4303
2016289,2016-10-22,7361
2016290,2016-10-23,6310
2016291,2016-10-24,1964
2016292,2016-10-25,2400
2016293,2016-10-26,8047
2016294,2016-10-27,6124
2016295,2016-10-28,3921
2016296,2016-10-29,4795
2016297,2016-10-30,8535
2016298,2016-10-31,7332
2016299,2016-11-01,5173
2016300,2016-11-02,1897
2016301,2016-11-03,8886
2016302,2016-11-04,5183
2016303,2016-11-05,7510
2016304,2016-11-06,4709
2016305,2016-11-07,3680
2016306,2016-11-08,7409
2016307,2016-11-09,5860
2016308,2016-11-10,1268
2016309,2016-11-11,2251
2016310,2016-11-12,7946
2016311,2016-11-13,8414
2016312,2016-11-14,6646
2016313,2016-11-15,3146
2016314,2016-11-16,2352
2016315,2016-11-17,4972
2016316,2016-11-18,2147
2016317,2016-11-19,8869
2016318,2016-11-20,1420
2016319,2016-11-21,4198
2016320,2016-11-22,3493
2016321,2016-11-23,6063
2016322,2016-11-24,2710
2016323,2016-11-25,8402
2016324,2016-11-26,1737
2016325,2016-11-27,6689
2016326,2016-11-28,3631
2016327,2016-11-29,6568
2016328,2016-11-30,8659
2016329,2016-12-01,9510
2016330,2016-12-02,5649
2016331,2016-12-03,6731
2016332,2016-12-04,4451
2016333,2016-12-05,9750
2016334,2016-12-06,3555
2016335,2016-12-07,5384
2016336,2016-12-08,1507
2016337,2016-12-09,5288
2016338,2016-12-10,4012
2016339,2016-12-11,5483
2016340,2016-12-12,6482
2016341,2016-12-13,0397
2016342,2016-12-14,6332
2016343,2016-12-15,8074
2016344,2016-12-16,1031
2016345,2016-12-17,5627
2016346,2016-12-18,1003
2016347,2016-12-19,5890
2016348,2016-12-20,7572
2016349,2016-12-21,1544
2016350,2016-12-22,5194
2016351,2016-12-23,4752
2016352,2016-12-24,4241
2016353,2016-12-25,4531
2016354,2016-12-26,5336
2016355,2016-12-27,7196
2016356,2016-12-28,1808
2016357,2016-12-29,2221
2016358,2016-12-30,1439
2016359,2016-12-31,8965
2017001,2017-01-01,0923
2017002,2017-01-02,7585
2017003,2017-01-03,3740
2017004,2017-01-04,6166
2017005,2017-01-05,3423
2017006,2017-01-06,4267
2017007,2017-01-07,6928
2017008,2017-01-08,5970
2017009,2017-01-09,3178
2017010,2017-01-10,2615
2017011,2017-01-11,4868
2017012,2017-01-12,0599
2017013,2017-01-13,0396
2017014,2017-01-14,4283
2017015,2017-01-15,6860
2017016,2017-01-16,7963
2017017,2017-01-17,8976
2017018,2017-01-18,3979
2017019,2017-01-19,8449
2017020,2017-01-20,5261
2017021,2017-01-21,8749
2017022,2017-01-22,6775
2017023,2017-01-23,2375
2017024,2017-01-24,0439
2017025,2017-01-25,2779
2017026,2017-01-26,0814
2017027,2017-02-03,3253
2017028,2017-02-04,9550
2017029,2017-02-05,8047
2017030,2017-02-06,8963
2017031,2017-02-07,5020
2017032,2017-02-08,7387
2017033,2017-02-09,7856
2017034,2017-02-10,8957
2017035,2017-02-11,8907
2017036,2017-02-12,4728
2017037,2017-02-13,3808
2017038,2017-02-14,8235
2017039,2017-02-15,5988
2017040,2017-02-16,3950
2017041,2017-02-17,9828
2017042,2017-02-18,1499
2017043,2017-02-19,5083
2017044,2017-02-20,1385
2017045,2017-02-21,7351
2017046,2017-02-22,8876
2017047,2017-02-23,2836
2017048,2017-02-24,1642
2017049,2017-02-25,6653
2017050,2017-02-26,3078
2017051,2017-02-27,4448
2017052,2017-02-28,1595
2017053,2017-03-01,9218
2017054,2017-03-02,7024
2017055,2017-03-03,3665
2017056,2017-03-04,2327
2017057,2017-03-05,9216
2017058,2017-03-06,7300
2017059,2017-03-07,6629
2017060,2017-03-08,5467
2017061,2017-03-09,1988
2017062,2017-03-10,8875
2017063,2017-03-11,7689
2017064,2017-03-12,1659
2017065,2017-03-13,5523
2017066,2017-03-14,8488
2017067,2017-03-15,3828
2017068,2017-03-16,2179
2017069,2017-03-17,9466
2017070,2017-03-18,3336
2017071,2017-03-19,8425
2017072,2017-03-20,9483
2017073,2017-03-21,0312
2017074,2017-03-22,6569
2017075,2017-03-23,9000
2017076,2017-03-24,3896
2017077,2017-03-25,6343
2017078,2017-03-26,6336
2017079,2017-03-27,4857
2017080,2017-03-28,1884
2017081,2017-03-29,2109
2017082,2017-03-30,5532
2017083,2017-03-31,5647
2017084,2017-04-01,8369
2017085,2017-04-02,7221
2017086,2017-04-03,9441
2017087,2017-04-04,2370
2017088,2017-04-05,5613
2017089,2017-04-06,3891
2017090,2017-04-07,2838
2017091,2017-04-08,6765
2017092,2017-04-09,7598
2017093,2017-04-10,5800
2017094,2017-04-11,0984
2017095,2017-04-12,3231
2017096,2017-04-13,8092
2017097,2017-04-14,8067
2017098,2017-04-15,2283
2017099,2017-04-16,9961
2017100,2017-04-17,8131
2017101,2017-04-18,3905
2017102,2017-04-19,0593
2017103,2017-04-20,0445
2017104,2017-04-21,7820
2017105,2017-04-22,8466
2017106,2017-04-23,4025
2017107,2017-04-24,9513
2017108,2017-04-25,7271
2017109,2017-04-26,0304
2017110,2017-04-27,8156
2017111,2017-04-28,6580
2017112,2017-04-29,6863
2017113,2017-04-30,1576
2017114,2017-05-01,6813
2017115,2017-05-02,5679
2017116,2017-05-03,2131
2017117,2017-05-04,2998
2017118,2017-05-05,4998
2017119,2017-05-06,5228
2017120,2017-05-07,4588
2017121,2017-05-08,0542
2017122,2017-05-09,4869
2017123,2017-05-10,4920
2017124,2017-05-11,0818
2017125,2017-05-12,2552
2017126,2017-05-13,2589
2017127,2017-05-14,7394
2017128,2017-05-15,4522
2017129,2017-05-16,3654
2017130,2017-05-17,5892
2017131,2017-05-18,9197
2017132,2017-05-19,3058
2017133,2017-05-20,1665
2017134,2017-05-21,6974
2017135,2017-05-22,5253
2017136,2017-05-23,5102
2017137,2017-05-24,1229
2017138,2017-05-25,0206
2017139,2017-05-26,3600
2017140,2017-05-27,2045
2017141,2017-05-28,6048
2017142,2017-05-29,0133
2017143,2017-05-30,1775
2017144,2017-05-31,2399
2017145,2017-06-01,5910
2017146,2017-06-02,9425
2017147,2017-06-03,3319
2017148,2017-06-04,1526
2017149,2017-06-05,9877
2017150,2017-06-06,5293
2017151,2017-06-07,0781
2017152,2017-06-08,8025
2017153,2017-06-09,8859
2017154,2017-06-10,2159
2017155,2017-06-11,0047
2017156,2017-06-12,0072
2017157,2017-06-13,8185
2017158,2017-06-14,0832
2017159,2017-06-15,1238
2017160,2017-06-16,9464
2017161,2017-06-17,8302
2017162,2017-06-18,8146
2017163,2017-06-19,7593
2017164,2017-06-20,4472
2017165,2017-06-21,3304
2017166,2017-06-22,6449
2017167,2017-06-23,7951
2017168,2017-06-24,1756
2017169,2017-06-25,6445
2017170,2017-06-26,5441
2017171,2017-06-27,1901
2017172,2017-06-28,4963
2017173,2017-06-29,7126
2017174,2017-06-30,9603
2017175,2017-07-01,3768
2017176,2017-07-02,6021
2017177,2017-07-03,6701
2017178,2017-07-04,3036
2017179,2017-07-05,0665
2017180,2017-07-06,5860
2017181,2017-07-07,4841
2017182,2017-07-08,9751
2017183,2017-07-09,4095
2017184,2017-07-10,1296
2017185,2017-07-11,3701
2017186,2017-07-12,9678
2017187,2017-07-13,8311
2017188,2017-07-14,2095
2017189,2017-07-15,9608
2017190,2017-07-16,4467
2017191,2017-07-17,9787
2017192,2017-07-18,2797
2017193,2017-07-19,8804
2017194,2017-07-20,6250
2017195,2017-07-21,3198
2017196,2017-07-22,4361
2017197,2017-07-23,5941
2017198,2017-07-24,7546
2017199,2017-07-25,3309
2017200,2017-07-26,9351
2017201,2017-07-27,4451
2017202,2017-07-28,4611
2017203,2017-07-29,2436
2017204,2017-07-30,2323
2017205,2017-07-31,6494
2017206,2017-08-01,3754
2017207,2017-08-02,6971
2017208,2017-08-03,1088
2017209,2017-08-04,3912
2017210,2017-08-05,9111
2017211,2017-08-06,1167
2017212,2017-08-07,0023
2017213,2017-08-08,7270
2017214,2017-08-09,4234
2017215,2017-08-10,2129
2017216,2017-08-11,8719
2017217,2017-08-12,7963
2017218,2017-08-13,5736
2017219,2017-08-14,4930
2017220,2017-08-15,6436
2017221,2017-08-16,4479
2017222,2017-08-17,7074
2017223,2017-08-18,4960
2017224,2017-08-19,6347
2017225,2017-08-20,4883
2017226,2017-08-21,3355
2017227,2017-08-22,2474
2017228,2017-08-23,3899
2017229,2017-08-24,4876
2017230,2017-08-25,6743
2017231,2017-08-26,4209
2017232,2017-08-27,8445
2017233,2017-08-28,1874
2017234,2017-08-29,4663
2017235,2017-08-30,1560
2017236,2017-08-31,5155
2017237,2017-09-01,2104
2017238,2017-09-02,9210
2017239,2017-09-03,6058
2017240,2017-09-04,5170
2017241,2017-09-05,9395
2017242,2017-09-06,8935
2017243,2017-09-07,3358
2017244,2017-09-08,8324
2017245,2017-09-09,6230
2017246,2017-09-10,1111
2017247,2017-09-11,9453
2017248,2017-09-12,8497
2017249,2017-09-13,3618
2017250,2017-09-14,8560
2017251,2017-09-15,1511
2017252,2017-09-16,1788
2017253,2017-09-17,7789
2017254,2017-09-18,9159
2017255,2017-09-19,9484
2017256,2017-09-20,1320
2017257,2017-09-21,2231
2017258,2017-09-22,8715
2017259,2017-09-23,4873
2017260,2017-09-24,9298
2017261,2017-09-25,6352
2017262,2017-09-26,3917
2017263,2017-09-27,3354
2017264,2017-09-28,6805
2017265,2017-09-29,3091
2017266,2017-09-30,1515
2017267,2017-10-01,7147
2017268,2017-10-02,3171
2017269,2017-10-03,0454
2017270,2017-10-04,1411
2017271,2017-10-05,5503
2017272,2017-10-06,9213
2017273,2017-10-07,3803
2017274,2017-10-08,9463
2017275,2017-10-09,9658
2017276,2017-10-10,0938
2017277,2017-10-11,0760
2017278,2017-10-12,0579
2017279,2017-10-13,2625
2017280,2017-10-14,7973
2017281,2017-10-15,8082
2017282,2017-10-16,3022
2017283,2017-10-17,1540
2017284,2017-10-18,6185
2017285,2017-10-19,9773
2017286,2017-10-20,4816
2017287,2017-10-21,0944
2017288,2017-10-22,7569
2017289,2017-10-23,7448
2017290,2017-10-24,4236
2017291,2017-10-25,6947
2017292,2017-10-26,9460
2017293,2017-10-27,7871
2017294,2017-10-28,4187
2017295,2017-10-29,5543
2017296,2017-10-30,3189
2017297,2017-10-31,8102
2017298,2017-11-01,0996
2017299,2017-11-02,6854
2017300,2017-11-03,7541
2017301,2017-11-04,6162
2017302,2017-11-05,9022
2017303,2017-11-06,4588
2017304,2017-11-07,4441
2017305,2017-11-08,0050
2017306,2017-11-09,1258
2017307,2017-11-10,6237
2017308,2017-11-11,8919
2017309,2017-11-12,2621
2017310,2017-11-13,7618
2017311,2017-11-14,9006
2017312,2017-11-15,5988
2017313,2017-11-16,3064
2017314,2017-11-17,5809
2017315,2017-11-18,2430
2017316,2017-11-19,2025
2017317,2017-11-20,1039
2017318,2017-11-21,8836
2017319,2017-11-22,9395
2017320,2017-11-23,0363
2017321,2017-11-24,4350
2017322,2017-11-25,1738
2017323,2017-11-26,5723
2017324,2017-11-27,8285
2017325,2017-11-28,5090
2017326,2017-11-29,7231
2017327,2017-11-30,1454
2017328,2017-12-01,6212
2017329,2017-12-02,5357
2017330,2017-12-03,3857
2017331,2017-12-04,0985
2017332,2017-12-05,3215
2017333,2017-12-06,4274
2017334,2017-12-07,1816
2017335,2017-12-08,6612
2017336,2017-12-09,3409
2017337,2017-12-10,9105
2017338,2017-12-11,2795
2017339,2017-12-12,1319
2017340,2017-12-13,1124
2017341,2017-12-14,7224
2017342,2017-12-15,3862
2017343,2017-12-16,7520
2017344,2017-12-17,3653
2017345,2017-12-18,3442
2017346,2017-12-19,1039
2017347,2017-12-20,0371
2017348,2017-12-21,0873
2017349,2017-12-22,1562
2017350,2017-12-23,1289
2017351,2017-12-24,2602
2017352,2017-12-25,9947
2017353,2017-12-26,3045
2017354,2017-12-27,1875
2017355,2017-12-28,3849
2017356,2017-12-29,9529
2017357,2017-12-30,8092
2017358,2017-12-31,9513
2018001,2018-01-01,1773
2018002,2018-01-02,6441
2018003,2018-01-03,1450
2018004,2018-01-04,4168
2018005,2018-01-05,3912
2018006,2018-01-06,8693
2018007,2018-01-07,0809
2018008,2018-01-08,4478
2018009,2018-01-09,4966
2018010,2018-01-10,1678
2018011,2018-01-11,9723
2018012,2018-01-12,4377
2018013,2018-01-13,6066
2018014,2018-01-14,1612
2018015,2018-01-15,7396
2018016,2018-01-16,3746
2018017,2018-01-17,9904
2018018,2018-01-18,1741
2018019,2018-01-19,7604
2018020,2018-01-20,9217
2018021,2018-01-21,7262
2018022,2018-01-22,6566
2018023,2018-01-23,9360
2018024,2018-01-24,5068
2018025,2018-01-25,5436
2018026,2018-01-26,4761
2018027,2018-01-27,4893
2018028,2018-01-28,3134
2018029,2018-01-29,7908
2018030,2018-01-30,7537
2018031,2018-01-31,5257
2018032,2018-02-01,8609
2018033,2018-02-02,8708
2018034,2018-02-03,2633
2018035,2018-02-04,7525
2018036,2018-02-05,6935
2018037,2018-02-06,7683
2018038,2018-02-07,9475
2018039,2018-02-08,1259
2018040,2018-02-09,4781
2018041,2018-02-10,4115
2018042,2018-02-11,5376
2018043,2018-02-12,0790
2018044,2018-02-13,2372
2018045,2018-02-14,0091
2018046,2018-02-22,5516
2018047,2018-02-23,0885
2018048,2018-02-24,4445
2018049,2018-02-25,8182
2018050,2018-02-26,7802
2018051,2018-02-27,4242
2018052,2018-02-28,9584
2018053,2018-03-01,8274
2018054,2018-03-02,6639
2018055,2018-03-03,0437
2018056,2018-03-04,4462
2018057,2018-03-05,2523
2018058,2018-03-06,4977
2018059,2018-03-07,7556
2018060,2018-03-08,7748
2018061,2018-03-09,1348
2018062,2018-03-10,8365
2018063,2018-03-11,8203
2018064,2018-03-12,2342
2018065,2018-03-13,2389
2018066,2018-03-14,2261
2018067,2018-03-15,1714
2018068,2018-03-16,9112
2018069,2018-03-17,1411
2018070,2018-03-18,8909
2018071,2018-03-19,5034
2018072,2018-03-20,4122
2018073,2018-03-21,7481
2018074,2018-03-22,9416
2018075,2018-03-23,3428
2018076,2018-03-24,3288
2018077,2018-03-25,1379
2018078,2018-03-26,2942
2018079,2018-03-27,7388
2018080,2018-03-28,7496
2018081,2018-03-29,9484
2018082,2018-03-30,5743
2018083,2018-03-31,7525
2018084,2018-04-01,5540
2018085,2018-04-02,3342
2018086,2018-04-03,3916
2018087,2018-04-04,8278
2018088,2018-04-05,2127
2018089,2018-04-06,7736
2018090,2018-04-07,9425
2018091,2018-04-08,0716
2018092,2018-04-09,1535
2018093,2018-04-10,5530
2018094,2018-04-11,7342
2018095,2018-04-12,8942
2018096,2018-04-13,4759
2018097,2018-04-14,3042
2018098,2018-04-15,3944
2018099,2018-04-16,3328
2018100,2018-04-17,8305
2018101,2018-04-18,7983
2018102,2018-04-19,9383
2018103,2018-04-20,7960
2018104,2018-04-21,7674
2018105,2018-04-22,8458
2018106,2018-04-23,9604
2018107,2018-04-24,9470
2018108,2018-04-25,0105
2018109,2018-04-26,3312
2018110,2018-04-27,7465
2018111,2018-04-28,8170
2018112,2018-04-29,2569
2018113,2018-04-30,7983
2018114,2018-05-01,8878
2018115,2018-05-02,1807
2018116,2018-05-03,8200
2018117,2018-05-04,8368
2018118,2018-05-05,7861
2018119,2018-05-06,5054
2018120,2018-05-07,4427
2018121,2018-05-08,5149
2018122,2018-05-09,1377
2018123,2018-05-10,8304
2018124,2018-05-11,1417
2018125,2018-05-12,3285
2018126,2018-05-13,4785
2018127,2018-05-14,2970
2018128,2018-05-15,2297
2018129,2018-05-16,9824
2018130,2018-05-17,9895
2018131,2018-05-18,5489
2018132,2018-05-19,4700
2018133,2018-05-20,4148
2018134,2018-05-21,2996
2018135,2018-05-22,0865
2018136,2018-05-23,0640
2018137,2018-05-24,1770
2018138,2018-05-25,1533
2018139,2018-05-26,8281
2018140,2018-05-27,6809
2018141,2018-05-28,2794
2018142,2018-05-29,9490
2018143,2018-05-30,3227
2018144,2018-05-31,0190
2018145,2018-06-01,5231
2018146,2018-06-02,6238
2018147,2018-06-03,0389
2018148,2018-06-04,8197
2018149,2018-06-05,8711
2018150,2018-06-06,6751
2018151,2018-06-07,6941
2018152,2018-06-08,4690
2018153,2018-06-09,0835
2018154,2018-06-10,0311
2018155,2018-06-11,1606
2018156,2018-06-12,3223
2018157,2018-06-13,2099
2018158,2018-06-14,3001
2018159,2018-06-15,2946
2018160,2018-06-16,1083
2018161,2018-06-17,4737
2018162,2018-06-18,2602
2018163,2018-06-19,5703
2018164,2018-06-20,6103
2018165,2018-06-21,3025
2018166,2018-06-22,0610
2018167,2018-06-23,1327
2018168,2018-06-24,2752
2018169,2018-06-25,7169
2018170,2018-06-26,1278
2018171,2018-06-27,2978
2018172,2018-06-28,2474
2018173,2018-06-29,2428
2018174,2018-06-30,0192
2018175,2018-07-01,6129
2018176,2018-07-02,2078
2018177,2018-07-03,2225
2018178,2018-07-04,5287
2018179,2018-07-05,7133
2018180,2018-07-06,4331
2018181,2018-07-07,5738
2018182,2018-07-08,4001
2018183,2018-07-09,8440
2018184,2018-07-10,2616
2018185,2018-07-11,6968
2018186,2018-07-12,3500
2018187,2018-07-13,5077
2018188,2018-07-14,0681
2018189,2018-07-15,2691
2018190,2018-07-16,0315
2018191,2018-07-17,3404
2018192,2018-07-18,9393
2018193,2018-07-19,3823
2018194,2018-07-20,6058
2018195,2018-07-21,4840
2018196,2018-07-22,3324
2018197,2018-07-23,1338
2018198,2018-07-24,8936
2018199,2018-07-25,4429
2018200,2018-07-26,5986
2018201,2018-07-27,6296
2018202,2018-07-28,2247
2018203,2018-07-29,2166
2018204,2018-07-30,7137
2018205,2018-07-31,2982
2018206,2018-08-01,2672
2018207,2018-08-02,0060
2018208,2018-08-03,1753
2018209,2018-08-04,1007
2018210,2018-08-05,9566
2018211,2018-08-06,8935
2018212,2018-08-07,5152
2018213,2018-08-08,3552
2018214,2018-08-09,8179
2018215,2018-08-10,9394
2018216,2018-08-11,8901
2018217,2018-08-12,8560
2018218,2018-08-13,8777
2018219,2018-08-14,8715
2018220,2018-08-15,2082
2018221,2018-08-16,5985
2018222,2018-08-17,3232
2018223,2018-08-18,1970
2018224,2018-08-19,7912
2018225,2018-08-20,6488
2018226,2018-08-21,9294
2018227,2018-08-22,0887
2018228,2018-08-23,8299
2018229,2018-08-24,4437
2018230,2018-08-25,7646
2018231,2018-08-26,5166
2018232,2018-08-27,5314
2018233,2018-08-28,1111
2018234,2018-08-29,5050
2018235,2018-08-30,5846
2018236,2018-08-31,7030
2018237,2018-09-01,1570
2018238,2018-09-02,3923
2018239,2018-09-03,8375
2018240,2018-09-04,4921
2018241,2018-09-05,1700
2018242,2018-09-06,0975
2018243,2018-09-07,7903
2018244,2018-09-08,6498
2018245,2018-09-09,0510
2018246,2018-09-10,9161
2018247,2018-09-11,3036
2018248,2018-09-12,9399
2018249,2018-09-13,2898
2018250,2018-09-14,9173
2018251,2018-09-15,0306
2018252,2018-09-16,5782
2018253,2018-09-17,8528
2018254,2018-09-18,0215
2018255,2018-09-19,7107
2018256,2018-09-20,1471
2018257,2018-09-21,6035
2018258,2018-09-22,0458
2018259,2018-09-23,1490
2018260,2018-09-24,6645
2018261,2018-09-25,3523
2018262,2018-09-26,3670
2018263,2018-09-27,4526
2018264,2018-09-28,1902
2018265,2018-09-29,1803
2018266,2018-09-30,6976
2018267,2018-10-01,1054
2018268,2018-10-02,1877
2018269,2018-10-03,4267
2018270,2018-10-04,9597
2018271,2018-10-05,7757
2018272,2018-10-06,0780
2018273,2018-10-07,6241
2018274,2018-10-08,6561
2018275,2018-10-09,3935
2018276,2018-10-10,4188
2018277,2018-10-11,0252
2018278,2018-10-12,8128
2018279,2018-10-13,6456
2018280,2018-10-14,9512
2018281,2018-10-15,1060
2018282,2018-10-16,7804
2018283,2018-10-17,8998
2018284,2018-10-18,8582
2018285,2018-10-19,0802
2018286,2018-10-20,9313
2018287,2018-10-21,0518
2018288,2018-10-22,2744
2018289,2018-10-23,9130
2018290,2018-10-24,5353
2018291,2018-10-25,6398
2018292,2018-10-26,4593
2018293,2018-10-27,1512
2018294,2018-10-28,8320
2018295,2018-10-29,1680
2018296,2018-10-30,0307
2018297,2018-10-31,4617
2018298,2018-11-01,2532
2018299,2018-11-02,4899
2018300,2018-11-03,0948
2018301,2018-11-04,9017
2018302,2018-11-05,1994
2018303,2018-11-06,6089
2018304,2018-11-07,0204
2018305,2018-11-08,1906
2018306,2018-11-09,0005
2018307,2018-11-10,6484
2018308,2018-11-11,4127
2018309,2018-11-12,7430
2018310,2018-11-13,3674
2018311,2018-11-14,8645
2018312,2018-11-15,1150
2018313,2018-11-16,3832
2018314,2018-11-17,8676
2018315,2018-11-18,7739
2018316,2018-11-19,7314
2018317,2018-11-20,2998
2018318,2018-11-21,3466
2018319,2018-11-22,4081
2018320,2018-11-23,3294
2018321,2018-11-24,8291
2018322,2018-11-25,4340
2018323,2018-11-26,2650
2018324,2018-11-27,0341
2018325,2018-11-28,6440
2018326,2018-11-29,5318
2018327,2018-11-30,0682
2018328,2018-12-01,6291
2018329,2018-12-02,6019
2018330,2018-12-03,2367
2018331,2018-12-04,4587
2018332,2018-12-05,9654
2018333,2018-12-06,8362
2018334,2018-12-07,4543
2018335,2018-12-08,3591
2018336,2018-12-09,2107
2018337,2018-12-10,5585
2018338,2018-12-11,5756
2018339,2018-12-12,8412
2018340,2018-12-13,6959
2018341,2018-12-14,0306
2018342,2018-12-15,0787
2018343,2018-12-16,9741
2018344,2018-12-17,8877
2018345,2018-12-18,4783
2018346,2018-12-19,5961
2018347,2018-12-20,4719
2018348,2018-12-21,1449
2018349,2018-12-22,4945
2018350,2018-12-23,8928
2018351,2018-12-24,3184
2018352,2018-12-25,0686
2018353,2018-12-26,6912
2018354,2018-12-27,4697
2018355,2018-12-28,3782
2018356,2018-12-29,1889
2018357,2018-12-30,9223
2018358,2018-12-31,3291
2019001,2019-01-01,3223
2019002,2019-01-02,7548
2019003,2019-01-03,5429
2019004,2019-01-04,2417
2019005,2019-01-05,0629
2019006,2019-01-06,1483
2019007,2019-01-07,7511
2019008,2019-01-08,9874
2019009,2019-01-09,6685
2019010,2019-01-10,4251
2019011,2019-01-11,4921
2019012,2019-01-12,5411
2019013,2019-01-13,2233
2019014,2019-01-14,0234
2019015,2019-01-15,4247
2019016,2019-01-16,5918
2019017,2019-01-17,1470
2019018,2019-01-18,1702
2019019,2019-01-19,9992
2019020,2019-01-20,8217
2019021,2019-01-21,6624
2019022,2019-01-22,0742
2019023,2019-01-23,6615
2019024,2019-01-24,5880
2019025,2019-01-25,1625
2019026,2019-01-26,1853
2019027,2019-01-27,6135
2019028,2019-01-28,5013
2019029,2019-01-29,2539
2019030,2019-01-30,8381
2019031,2019-01-31,7122
2019032,2019-02-01,8489
2019033,2019-02-02,3426
2019034,2019-02-03,8089
2019035,2019-02-11,5756
2019036,2019-02-12,5074
2019037,2019-02-13,6993
2019038,2019-02-14,0485
2019039,2019-02-15,0660
2019040,2019-02-16,3012
2019041,2019-02-17,1308
2019042,2019-02-18,3282
2019043,2019-02-19,6031
2019044,2019-02-20,1057
2019045,2019-02-21,3778
2019046,2019-02-22,2318
2019047,2019-02-23,3637
2019048,2019-02-24,1617
2019049,2019-02-25,6320
2019050,2019-02-26,8113
2019051,2019-02-27,3376
2019052,2019-02-28,5773
2019053,2019-03-01,3644
2019054,2019-03-02,3742
2019055,2019-03-03,1820
2019056,2019-03-04,2525
2019057,2019-03-05,8687
2019058,2019-03-06,4175
2019059,2019-03-07,1041
2019060,2019-03-08,2395
2019061,2019-03-09,2881
2019062,2019-03-10,8484
2019063,2019-03-11,2118
2019064,2019-03-12,7522
2019065,2019-03-13,4326
2019066,2019-03-14,2579
2019067,2019-03-15,5790
2019068,2019-03-16,5509
2019069,2019-03-17,7932
2019070,2019-03-18,7554
2019071,2019-03-19,2052
2019072,2019-03-20,9219
2019073,2019-03-21,7099
2019074,2019-03-22,8425
2019075,2019-03-23,4296
2019076,2019-03-24,2140
2019077,2019-03-25,5144
2019078,2019-03-26,2392
2019079,2019-03-27,0872
2019080,2019-03-28,3165
2019081,2019-03-29,9540
2019082,2019-03-30,5956
2019083,2019-03-31,0583
2019084,2019-04-01,3023
2019085,2019-04-02,6125
2019086,2019-04-03,3493
2019087,2019-04-04,0580
2019088,2019-04-05,3816
2019089,2019-04-06,3823
2019090,2019-04-07,7851
2019091,2019-04-08,0354
2019092,2019-04-09,5126
2019093,2019-04-10,5251
2019094,2019-04-11,0887
2019095,2019-04-12,1145
2019096,2019-04-13,9125
2019097,2019-04-14,0714
2019098,2019-04-15,5496
2019099,2019-04-16,4618
2019100,2019-04-17,3888
2019101,2019-04-18,5613
2019102,2019-04-19,0563
2019103,2019-04-20,3456
2019104,2019-04-21,4614
2019105,2019-04-22,4586
2019106,2019-04-23,3842
2019107,2019-04-24,2146
2019108,2019-04-25,3093
2019109,2019-04-26,9830
2019110,2019-04-27,3030
2019111,2019-04-28,4860
2019112,2019-04-29,5459
2019113,2019-04-30,4727
2019114,2019-05-01,9493
2019115,2019-05-02,0081
2019116,2019-05-03,8244
2019117,2019-05-04,3586
2019118,2019-05-05,6209
2019119,2019-05-06,2115
2019120,2019-05-07,9112
2019121,2019-05-08,8824
2019122,2019-05-09,6921
2019123,2019-05-10,4718
2019124,2019-05-11,2709
2019125,2019-05-12,4853
2019126,2019-05-13,1891
2019127,2019-05-14,2802
2019128,2019-05-15,0640
2019129,2019-05-16,5405
2019130,2019-05-17,7253
2019131,2019-05-18,6277
2019132,2019-05-19,5932
2019133,2019-05-20,1973
2019134,2019-05-21,4191
2019135,2019-05-22,0945
2019136,2019-05-23,9398
2019137,2019-05-24,7761
2019138,2019-05-25,0074
2019139,2019-05-26,4061
2019140,2019-05-27,1540
2019141,2019-05-28,0040
2019142,2019-05-29,0830
2019143,2019-05-30,5819
2019144,2019-05-31,4895
2019145,2019-06-01,0883
2019146,2019-06-02,3742
2019147,2019-06-03,5346
2019148,2019-06-04,1915
2019149,2019-06-05,8805
2019150,2019-06-06,9663
2019151,2019-06-07,5758
2019152,2019-06-08,2856
2019153,2019-06-09,0604
2019154,2019-06-10,3783
2019155,2019-06-11,0811
2019156,2019-06-12,6592
2019157,2019-06-13,3126
2019158,2019-06-14,7210
2019159,2019-06-15,1963
2019160,2019-06-16,4659
2019161,2019-06-17,9973
2019162,2019-06-18,6102
2019163,2019-06-19,4939
2019164,2019-06-20,7971
2019165,2019-06-21,1120
2019166,2019-06-22,8656
2019167,2019-06-23,3075
2019168,2019-06-24,7032
2019169,2019-06-25,0415
2019170,2019-06-26,3647
2019171,2019-06-27,4437
2019172,2019-06-28,7525
2019173,2019-06-29,8847
2019174,2019-06-30,3991
2019175,2019-07-01,3895
2019176,2019-07-02,0964
2019177,2019-07-03,2326
2019178,2019-07-04,7746
2019179,2019-07-05,7613
2019180,2019-07-06,2485
2019181,2019-07-07,3060
2019182,2019-07-08,7615
2019183,2019-07-09,8326
2019184,2019-07-10,4495
2019185,2019-07-11,4369
2019186,2019-07-12,5476
2019187,2019-07-13,8998
2019188,2019-07-14,3162
2019189,2019-07-15,8909
2019190,2019-07-16,1702
2019191,2019-07-17,2503
2019192,2019-07-18,7294
2019193,2019-07-19,6520
2019194,2019-07-20,3184
2019195,2019-07-21,6891
2019196,2019-07-22,6452
2019197,2019-07-23,6225
2019198,2019-07-24,2573
2019199,2019-07-25,4762
2019200,2019-07-26,4717
2019201,2019-07-27,2320
2019202,2019-07-28,8239
2019203,2019-07-29,1039
2019204,2019-07-30,5621
2019205,2019-07-31,1871
2019206,2019-08-01,9178
2019207,2019-08-02,1177
2019208,2019-08-03,8574
2019209,2019-08-04,8651
2019210,2019-08-05,7736
2019211,2019-08-06,5900
2019212,2019-08-07,7725
2019213,2019-08-08,7286
2019214,2019-08-09,9211
2019215,2019-08-10,8768
2019216,2019-08-11,6580
2019217,2019-08-12,1232
2019218,2019-08-13,6492
2019219,2019-08-14,3820
2019220,2019-08-15,3297
2019221,2019-08-16,7961
2019222,2019-08-17,9098
2019223,2019-08-18,5347
2019224,2019-08-19,0931
2019225,2019-08-20,3916
2019226,2019-08-21,3961
2019227,2019-08-22,8239
2019228,2019-08-23,9789
2019229,2019-08-24,9485
2019230,2019-08-25,6305
2019231,2019-08-26,9357
2019232,2019-08-27,7727
2019233,2019-08-28,5311
2019234,2019-08-29,2456
2019235,2019-08-30,4222
2019236,2019-08-31,0214
2019237,2019-09-01,8082
2019238,2019-09-02,4103
2019239,2019-09-03,4916
2019240,2019-09-04,8941
2019241,2019-09-05,3851
2019242,2019-09-06,8924
2019243,2019-09-07,5116
2019244,2019-09-08,0901
2019245,2019-09-09,5958
2019246,2019-09-10,4275
2019247,2019-09-11,4891
2019248,2019-09-12,3110
2019249,2019-09-13,6298
2019250,2019-09-14,1716
2019251,2019-09-15,2725
2019252,2019-09-16,4167
2019253,2019-09-17,6390
2019254,2019-09-18,6186
2019255,2019-09-19,2722
2019256,2019-09-20,4741
2019257,2019-09-21,8711
2019258,2019-09-22,5119
2019259,2019-09-23,4322
2019260,2019-09-24,1620
2019261,2019-09-25,8654
2019262,2019-09-26,7857
2019263,2019-09-27,9840
2019264,2019-09-28,6697
2019265,2019-09-29,5906
2019266,2019-09-30,4619
2019267,2019-10-08,0354
2019268,2019-10-09,0812
2019269,2019-10-10,8540
2019270,2019-10-11,6018
2019271,2019-10-12,9517
2019272,2019-10-13,0141
2019273,2019-10-14,8227
2019274,2019-10-15,1020
2019275,2019-10-16,2876
2019276,2019-10-17,8185
2019277,2019-10-18,7379
2019278,2019-10-19,1940
2019279,2019-10-20,1775
2019280,2019-10-21,2940
2019281,2019-10-22,0052
2019282,2019-10-23,6261
2019283,2019-10-24,0494
2019284,2019-10-25,9929
2019285,2019-10-26,0714
2019286,2019-10-27,7747
2019287,2019-10-28,3372
2019288,2019-10-29,7891
2019289,2019-10-30,2497
2019290,2019-10-31,4851
2019291,2019-11-01,6763
2019292,2019-11-02,4868
2019293,2019-11-03,5997
2019294,2019-11-04,7583
2019295,2019-11-05,3352
2019296,2019-11-06,8702
2019297,2019-11-07,5252
2019298,2019-11-08,5550
2019299,2019-11-09,5782
2019300,2019-11-10,5372
2019301,2019-11-11,3791
2019302,2019-11-12,7449
2019303,2019-11-13,6691
2019304,2019-11-14,6636
2019305,2019-11-15,4828
2019306,2019-11-16,6474
2019307,2019-11-17,0278
2019308,2019-11-18,6756
2019309,2019-11-19,3541
2019310,2019-11-20,7540
2019311,2019-11-21,1142
2019312,2019-11-22,5761
2019313,2019-11-23,2410
2019314,2019-11-24,2003
2019315,2019-11-25,4516
2019316,2019-11-26,4817
2019317,2019-11-27,4233
2019318,2019-11-28,3196
2019319,2019-11-29,3316
2019320,2019-11-30,7878
2019321,2019-12-01,5930
2019322,2019-12-02,9722
2019323,2019-12-03,8307
2019324,2019-12-04,3736
2019325,2019-12-05,7442
2019326,2019-12-06,2091
2019327,2019-12-07,7703
2019328,2019-12-08,5961
2019329,2019-12-09,4122
2019330,2019-12-10,3971
2019331,2019-12-11,8602
2019332,2019-12-12,2547
2019333,2019-12-13,3832
2019334,2019-12-14,9724
2019335,2019-12-15,3696
2019336,2019-12-16,2345
2019337,2019-12-17,4075
2019338,2019-12-18,5476
2019339,2019-12-19,9012
2019340,2019-12-20,3839
2019341,2019-12-21,0306
2019342,2019-12-22,1784
2019343,2019-12-23,9520
2019344,2019-12-24,0870
2019345,2019-12-25,8740
2019346,2019-12-26,5894
2019347,2019-12-27,5494
2019348,2019-12-28,0555
2019349,2019-12-29,3388
2019350,2019-12-30,8181
2019351,2019-12-31,9775
2020001,2020-01-01,2022
2020002,2020-01-02,1613
2020003,2020-01-03,8936
2020004,2020-01-04,4989
2020005,2020-01-05,5690
2020006,2020-01-06,0836
2020007,2020-01-07,3097
2020008,2020-01-08,1883
2020009,2020-01-09,2081
2020010,2020-01-10,0111
2020011,2020-01-11,4595
2020012,2020-01-12,3139
2020013,2020-01-13,0810
2020014,2020-01-14,1615
2020015,2020-01-15,3227
2020016,2020-01-16,4025
2020017,2020-01-17,7284
2020018,2020-01-18,5851
2020019,2020-01-19,9733
2020020,2020-01-20,1662
2020021,2020-01-21,9646
2020022,2020-03-12,6342
2020023,2020-03-13,0614
2020024,2020-03-14,6141
2020025,2020-03-15,4240
2020026,2020-03-16,7056
2020027,2020-03-17,2396
2020028,2020-03-18,5132
2020029,2020-03-19,3951
2020030,2020-03-20,7199
2020031,2020-03-21,9378
2020032,2020-03-22,6887
2020033,2020-03-23,7678
2020034,2020-03-24,4739
2020035,2020-03-25,3281
2020036,2020-03-26,3015
2020037,2020-03-27,1202
2020038,2020-03-28,7392
2020039,2020-03-29,8461
2020040,2020-03-30,3892
2020041,2020-03-31,7051
2020042,2020-04-01,2743
2020043,2020-04-02,0708
2020044,2020-04-03,1207
2020045,2020-04-04,0316
2020046,2020-04-05,3241
2020047,2020-04-06,8099
2020048,2020-04-07,8540
2020049,2020-04-08,7107
2020050,2020-04-09,5935
2020051,2020-04-10,7535
2020052,2020-04-11,2233
2020053,2020-04-12,5884
2020054,2020-04-13,0871
2020055,2020-04-14,6593
2020056,2020-04-15,5783
2020057,2020-04-16,0570
2020058,2020-04-17,2280
2020059,2020-04-18,0196
2020060,2020-04-19,4904
2020061,2020-04-20,1527
2020062,2020-04-21,3188
2020063,2020-04-22,5316
2020064,2020-04-23,3520
2020065,2020-04-24,1998
2020066,2020-04-25,2626
2020067,2020-04-26,4770
2020068,2020-04-27,4107
2020069,2020-04-28,7884
2020070,2020-04-29,8046
2020071,2020-04-30,3840
2020072,2020-05-01,7905
2020073,2020-05-02,6691
2020074,2020-05-03,2246
2020075,2020-05-04,5855
2020076,2020-05-05,8643
2020077,2020-05-06,2134
2020078,2020-05-07,3566
2020079,2020-05-08,1039
2020080,2020-05-09,3847
2020081,2020-05-10,2620
2020082,2020-05-11,8895
2020083,2020-05-12,0965
2020084,2020-05-13,5675
2020085,2020-05-14,8350
2020086,2020-05-15,9725
2020087,2020-05-16,3433
2020088,2020-05-17,5516
2020089,2020-05-18,0872
2020090,2020-05-19,5597
2020091,2020-05-20,5998
2020092,2020-05-21,6161
2020093,2020-05-22,7305
2020094,2020-05-23,3287
2020095,2020-05-24,4258
2020096,2020-05-25,7185
2020097,2020-05-26,9356
2020098,2020-05-27,4496
2020099,2020-05-28,7989
2020100,2020-05-29,0643
2020101,2020-05-30,2677
2020102,2020-05-31,8779
2020103,2020-06-01,9049
2020104,2020-06-02,2959
2020105,2020-06-03,5984
2020106,2020-06-04,4402
2020107,2020-06-05,1984
2020108,2020-06-06,2677
2020109,2020-06-07,3174
2020110,2020-06-08,2823
2020111,2020-06-09,6750
2020112,2020-06-10,4216
2020113,2020-06-11,0750
2020114,2020-06-12,0655
2020115,2020-06-13,5528
2020116,2020-06-14,9340
2020117,2020-06-15,8344
2020118,2020-06-16,2046
2020119,2020-06-17,1604
2020120,2020-06-18,2426
2020121,2020-06-19,7184
2020122,2020-06-20,6399
2020123,2020-06-21,2480
2020124,2020-06-22,6296
2020125,2020-06-23,6600
2020126,2020-06-24,4942
2020127,2020-06-25,3252
2020128,2020-06-26,0868
2020129,2020-06-27,0119
2020130,2020-06-28,9681
2020131,2020-06-29,3584
2020132,2020-06-30,8795
2020133,2020-07-01,0770
2020134,2020-07-02,7532
2020135,2020-07-03,6033
2020136,2020-07-04,5528
2020137,2020-07-05,1029
2020138,2020-07-06,0041
2020139,2020-07-07,9569
2020140,2020-07-08,5152
2020141,2020-07-09,8332
2020142,2020-07-10,7131
2020143,2020-07-11,8546
2020144,2020-07-12,6107
2020145,2020-07-13,8462
2020146,2020-07-14,8805
2020147,2020-07-15,0796
2020148,2020-07-16,9641
2020149,2020-07-17,3349
2020150,2020-07-18,3735
2020151,2020-07-19,8004
2020152,2020-07-20,6988
2020153,2020-07-21,0665
2020154,2020-07-22,8106
2020155,2020-07-23,0123
2020156,2020-07-24,0989
2020157,2020-07-25,7649
2020158,2020-07-26,2662
2020159,2020-07-27,4811
2020160,2020-07-28,9208
2020161,2020-07-29,7044
2020162,2020-07-30,6281
2020163,2020-07-31,2303
2020164,2020-08-01,4842
2020165,2020-08-02,0596
2020166,2020-08-03,3433
2020167,2020-08-04,8418
2020168,2020-08-05,7869
2020169,2020-08-06,1224
2020170,2020-08-07,6505
2020171,2020-08-08,2438
2020172,2020-08-09,6038
2020173,2020-08-10,3178
2020174,2020-08-11,2949
2020175,2020-08-12,9444
2020176,2020-08-13,9625
2020177,2020-08-14,4810
2020178,2020-08-15,3374
2020179,2020-08-16,0697
2020180,2020-08-17,1278
2020181,2020-08-18,2937
2020182,2020-08-19,9138
2020183,2020-08-20,8666
2020184,2020-08-21,5555
2020185,2020-08-22,1978
2020186,2020-08-23,5478
2020187,2020-08-24,1431
2020188,2020-08-25,2941
2020189,2020-08-26,9172
2020190,2020-08-27,7336
2020191,2020-08-28,9366
2020192,2020-08-29,8498
2020193,2020-08-30,3096
2020194,2020-08-31,4369
2020195,2020-09-01,8399
2020196,2020-09-02,8416
2020197,2020-09-03,4299
2020198,2020-09-04,6122
2020199,2020-09-05,7085
2020200,2020-09-06,0231
2020201,2020-09-07,8166
2020202,2020-09-08,2604
2020203,2020-09-09,6778
2020204,2020-09-10,0748
2020205,2020-09-11,6811
2020206,2020-09-12,6113
2020207,2020-09-13,3781
2020208,2020-09-14,8110
2020209,2020-09-15,2073
2020210,2020-09-16,3260
2020211,2020-09-17,4636
2020212,2020-09-18,5597
2020213,2020-09-19,7362
2020214,2020-09-20,8607
2020215,2020-09-21,7970
2020216,2020-09-22,6238
2020217,2020-09-23,7190
2020218,2020-09-24,6483
2020219,2020-09-25,0205
2020220,2020-09-26,2934
2020221,2020-09-27,4426
2020222,2020-09-28,5288
2020223,2020-09-29,2318
2020224,2020-09-30,9396
2020225,2020-10-05,0271
2020226,2020-10-06,2002
2020227,2020-10-07,1880
2020228,2020-10-08,4304
2020229,2020-10-09,9110
2020230,2020-10-10,5739
2020231,2020-10-11,1159
2020232,2020-10-12,0562
2020233,2020-10-13,3933
2020234,2020-10-14,6103
2020235,2020-10-15,2846
2020236,2020-10-16,9985
2020237,2020-10-17,5249
2020238,2020-10-18,2753
2020239,2020-10-19,8210
2020240,2020-10-20,8614
2020241,2020-10-21,0493
2020242,2020-10-22,8280
2020243,2020-10-23,0823
2020244,2020-10-24,9789
2020245,2020-10-25,8952
2020246,2020-10-26,5259
2020247,2020-10-27,9808
2020248,2020-10-28,9621
2020249,2020-10-29,7005
2020250,2020-10-30,8395
2020251,2020-10-31,2523
2020252,2020-11-01,7616
2020253,2020-11-02,8585
2020254,2020-11-03,1201
2020255,2020-11-04,4608
2020256,2020-11-05,2082
2020257,2020-11-06,2584
2020258,2020-11-07,4682
2020259,2020-11-08,2300
2020260,2020-11-09,2786
2020261,2020-11-10,8333
2020262,2020-11-11,6657
2020263,2020-11-12,8097
2020264,2020-11-13,1606
2020265,2020-11-14,7704
2020266,2020-11-15,1108
2020267,2020-11-16,6258
2020268,2020-11-17,6358
2020269,2020-11-18,6937
2020270,2020-11-19,4144
2020271,2020-11-20,9295
2020272,2020-11-21,2438
2020273,2020-11-22,1748
2020274,2020-11-23,5956
2020275,2020-11-24,7163
2020276,2020-11-25,9948
2020277,2020-11-26,5678
2020278,2020-11-27,2748
2020279,2020-11-28,9329
2020280,2020-11-29,1606
2020281,2020-11-30,9517
2020282,2020-12-01,2574
2020283,2020-12-02,5709
2020284,2020-12-03,3378
2020285,2020-12-04,1440
2020286,2020-12-05,5198
2020287,2020-12-06,2763
2020288,2020-12-07,6934
2020289,2020-12-08,5937
2020290,2020-12-09,8465
2020291,2020-12-10,4688
2020292,2020-12-11,7672
2020293,2020-12-12,2034
2020294,2020-12-13,6303
2020295,2020-12-14,8398
2020296,2020-12-15,2518
2020297,2020-12-16,7457
2020298,2020-12-17,2902
2020299,2020-12-18,3232
2020300,2020-12-19,4124
2020301,2020-12-20,4185
2020302,2020-12-21,1080
2020303,2020-12-22,9062
2020304,2020-12-23,6270
2020305,2020-12-24,3735
2020306,2020-12-25,4386
2020307,2020-12-26,6955
2020308,2020-12-27,5743
2020309,2020-12-28,2725
2020310,2020-12-29,5035
2020311,2020-12-30,5800
2020312,2020-12-31,6148
2021001,2021-01-01,3264
2021002,2021-01-02,3552
2021003,2021-01-03,8804
2021004,2021-01-04,5015
2021005,2021-01-05,6337
2021006,2021-01-06,9084
2021007,2021-01-07,9012
2021008,2021-01-08,6478
2021009,2021-01-09,2318
2021010,2021-01-10,7439
2021011,2021-01-11,9604
2021012,2021-01-12,9064
2021013,2021-01-13,8872
2021014,2021-01-14,7903
2021015,2021-01-15,6599
2021016,2021-01-16,2234
2021017,2021-01-17,0010
2021018,2021-01-18,4682
2021019,2021-01-19,2525
2021020,2021-01-20,3980
2021021,2021-01-21,9728
2021022,2021-01-22,9639
2021023,2021-01-23,8406
2021024,2021-01-24,3428
2021025,2021-01-25,8596
2021026,2021-01-26,4267
2021027,2021-01-27,0236
2021028,2021-01-28,7907
2021029,2021-01-29,8659
2021030,2021-01-30,2255
2021031,2021-01-31,7142
2021032,2021-02-01,3731
2021033,2021-02-02,4527
2021034,2021-02-03,5343
2021035,2021-02-04,5463
2021036,2021-02-05,9568
2021037,2021-02-06,1611
2021038,2021-02-07,4926
2021039,2021-02-08,6757
2021040,2021-02-19,3419
2021041,2021-02-20,9928
2021042,2021-02-21,9564
2021043,2021-02-22,0540
2021044,2021-02-23,2697
2021045,2021-02-24,2525
2021046,2021-02-25,0477
2021047,2021-02-26,6268
2021048,2021-02-27,9456
2021049,2021-02-28,6039
2021050,2021-03-01,4607
2021051,2021-03-02,7300
2021052,2021-03-03,9865
2021053,2021-03-04,9548
2021054,2021-03-05,1254
2021055,2021-03-06,6078
2021056,2021-03-07,6224
2021057,2021-03-08,2571
2021058,2021-03-09,9721
2021059,2021-03-10,6362
2021060,2021-03-11,6556
2021061,2021-03-12,3686
2021062,2021-03-13,4468
2021063,2021-03-14,6733
2021064,2021-03-15,6260
2021065,2021-03-16,6429
2021066,2021-03-17,5230
2021067,2021-03-18,1701
2021068,2021-03-19,0455
2021069,2021-03-20,7190
2021070,2021-03-21,9887
2021071,2021-03-22,6559
2021072,2021-03-23,5621
2021073,2021-03-24,1734
2021074,2021-03-25,2799
2021075,2021-03-26,0684
2021076,2021-03-27,0188
2021077,2021-03-28,7102
2021078,2021-03-29,6863
2021079,2021-03-30,9593
2021080,2021-03-31,6454
2021081,2021-04-01,2416
2021082,2021-04-02,2278
2021083,2021-04-03,6768
2021084,2021-04-04,4939
2021085,2021-04-05,9961
2021086,2021-04-06,2639
2021087,2021-04-07,8666
2021088,2021-04-08,3042
2021089,2021-04-09,2455
2021090,2021-04-10,6784
2021091,2021-04-11,4725
2021092,2021-04-12,8700
2021093,2021-04-13,4318
2021094,2021-04-14,5698
2021095,2021-04-15,9528
2021096,2021-04-16,5937
2021097,2021-04-17,8166
2021098,2021-04-18,3024
2021099,2021-04-19,4918
2021100,2021-04-20,2761
2021101,2021-04-21,7867
2021102,2021-04-22,1168
2021103,2021-04-23,8332
2021104,2021-04-24,9064
2021105,2021-04-25,6389
2021106,2021-04-26,7332
2021107,2021-04-27,2648
2021108,2021-04-28,5530
2021109,2021-04-29,1723
2021110,2021-04-30,2343
2021111,2021-05-01,8384
2021112,2021-05-02,4513
2021113,2021-05-03,0321
2021114,2021-05-04,7138
2021115,2021-05-05,8343
2021116,2021-05-06,4143
2021117,2021-05-07,9237
2021118,2021-05-08,6944
2021119,2021-05-09,1369
2021120,2021-05-10,6869
2021121,2021-05-11,0805
2021122,2021-05-12,8536
2021123,2021-05-13,8221
2021124,2021-05-14,4921
2021125,2021-05-15,9198
2021126,2021-05-16,8131
2021127,2021-05-17,4494
2021128,2021-05-18,6893
2021129,2021-05-19,7935
2021130,2021-05-20,1728
2021131,2021-05-21,2239
2021132,2021-05-22,7417
2021133,2021-05-23,5320
2021134,2021-05-24,2169
2021135,2021-05-25,5052
2021136,2021-05-26,4698
2021137,2021-05-27,6852
2021138,2021-05-28,9283
2021139,2021-05-29,6499
2021140,2021-05-30,1325
2021141,2021-05-31,1032
2021142,2021-06-01,1973
2021143,2021-06-02,3867
2021144,2021-06-03,0748
2021145,2021-06-04,2451
2021146,2021-06-05,9014
2021147,2021-06-06,2572
2021148,2021-06-07,2156
2021149,2021-06-08,8781
2021150,2021-06-09,3011
2021151,2021-06-10,8269
2021152,2021-06-11,3480
2021153,2021-06-12,3681
2021154,2021-06-13,5919
2021155,2021-06-14,2175
2021156,2021-06-15,7328
2021157,2021-06-16,2191
2021158,2021-06-17,9059
2021159,2021-06-18,2379
2021160,2021-06-19,9587
2021161,2021-06-20,7624
2021162,2021-06-21,7939
2021163,2021-06-22,6117
2021164,2021-06-23,1376
2021165,2021-06-24,5064
2021166,2021-06-25,8104
2021167,2021-06-26,6653
2021168,2021-06-27,9461
2021169,2021-06-28,1168
2021170,2021-06-29,4996
2021171,2021-06-30,4656
2021172,2021-07-01,7572
2021173,2021-07-02,0976
2021174,2021-07-03,2431
2021175,2021-07-04,1174
2021176,2021-07-05,8655
2021177,2021-07-06,0178
2021178,2021-07-07,9008
2021179,2021-07-08,8662
2021180,2021-07-09,9309
2021181,2021-07-10,5495
2021182,2021-07-11,2299
2021183,2021-07-12,3501
2021184,2021-07-13,8114
2021185,2021-07-14,6952
2021186,2021-07-15,6911
2021187,2021-07-16,3754
2021188,2021-07-17,6088
2021189,2021-07-18,8105
2021190,2021-07-19,4283
2021191,2021-07-20,0492
2021192,2021-07-21,7407
2021193,2021-07-22,9513
2021194,2021-07-23,5237
2021195,2021-07-24,6025
2021196,2021-07-25,8661
2021197,2021-07-26,0643
2021198,2021-07-27,1857
2021199,2021-07-28,4837
2021200,2021-07-29,4097
2021201,2021-07-30,2451
2021202,2021-07-31,4882
2021203,2021-08-01,9597
2021204,2021-08-02,5063
2021205,2021-08-03,0820
2021206,2021-08-04,4695
2021207,2021-08-05,0703
2021208,2021-08-06,5207
2021209,2021-08-07,6549
2021210,2021-08-08,5824
2021211,2021-08-09,6758
2021212,2021-08-10,0122
2021213,2021-08-11,1201
2021214,2021-08-12,2819
2021215,2021-08-13,7121
2021216,2021-08-14,4541
2021217,2021-08-15,5472
2021218,2021-08-16,5306
2021219,2021-08-17,3295
2021220,2021-08-18,1270
2021221,2021-08-19,1853
2021222,2021-08-20,0282
2021223,2021-08-21,8234
2021224,2021-08-22,9373
2021225,2021-08-23,8240
2021226,2021-08-24,5094
2021227,2021-08-25,3575
2021228,2021-08-26,5528
2021229,2021-08-27,3595
2021230,2021-08-28,7751
2021231,2021-08-29,7629
2021232,2021-08-30,7794
2021233,2021-08-31,0223
2021234,2021-09-01,1630
2021235,2021-09-02,3324
2021236,2021-09-03,7142
2021237,2021-09-04,2038
2021238,2021-09-05,1341
2021239,2021-09-06,3194
2021240,2021-09-07,0139
2021241,2021-09-08,8487
2021242,2021-09-09,9731
2021243,2021-09-10,0974
2021244,2021-09-11,4015
2021245,2021-09-12,9262
2021246,2021-09-13,9802
2021247,2021-09-14,5253
2021248,2021-09-15,3085
2021249,2021-09-16,2909
2021250,2021-09-17,4487
2021251,2021-09-18,9413
2021252,2021-09-19,9750
2021253,2021-09-20,5683
2021254,2021-09-21,9490
2021255,2021-09-22,9172
2021256,2021-09-23,5033
2021257,2021-09-24,9148
2021258,2021-09-25,7519
2021259,2021-09-26,1152
2021260,2021-09-27,1860
2021261,2021-09-28,1954
2021262,2021-09-29,4143
2021263,2021-09-30,2440
2021264,2021-10-05,9568
2021265,2021-10-06,0956
2021266,2021-10-07,0554
2021267,2021-10-08,7007
2021268,2021-10-09,1835
2021269,2021-10-10,1348
2021270,2021-10-11,6713
2021271,2021-10-12,5306
2021272,2021-10-13,0282
2021273,2021-10-14,3160
2021274,2021-10-15,8127
2021275,2021-10-16,2765
2021276,2021-10-17,5040
2021277,2021-10-18,7004
2021278,2021-10-19,1570
2021279,2021-10-20,1111
2021280,2021-10-21,8683
2021281,2021-10-22,5978
2021282,2021-10-23,4707
2021283,2021-10-24,8064
2021284,2021-10-25,5041
2021285,2021-10-26,7800
2021286,2021-10-27,8530
2021287,2021-10-28,7708
2021288,2021-10-29,5664
2021289,2021-10-30,3210
2021290,2021-10-31,4898
2021291,2021-11-01,0443
2021292,2021-11-02,5212
2021293,2021-11-03,4203
2021294,2021-11-04,4880
2021295,2021-11-05,2355
2021296,2021-11-06,4683
2021297,2021-11-07,5120
2021298,2021-11-08,5898
2021299,2021-11-09,8885
2021300,2021-11-10,1406
2021301,2021-11-11,6228
2021302,2021-11-12,9256
2021303,2021-11-13,1432
2021304,2021-11-14,9006
2021305,2021-11-15,1566
2021306,2021-11-16,2339
2021307,2021-11-17,1834
2021308,2021-11-18,8387
2021309,2021-11-19,4572
2021310,2021-11-20,1488
2021311,2021-11-21,8055
2021312,2021-11-22,0085
2021313,2021-11-23,5939
2021314,2021-11-24,1940
2021315,2021-11-25,4848
2021316,2021-11-26,6880
2021317,2021-11-27,3553
2021318,2021-11-28,7315
2021319,2021-11-29,0862
2021320,2021-11-30,9403
2021321,2021-12-01,9777
2021322,2021-12-02,1703
2021323,2021-12-03,4545
2021324,2021-12-04,9311
2021325,2021-12-05,6129
2021326,2021-12-06,4619
2021327,2021-12-07,3280
2021328,2021-12-08,3365
2021329,2021-12-09,1315
2021330,2021-12-10,2041
2021331,2021-12-11,9497
2021332,2021-12-12,9343
2021333,2021-12-13,4045
2021334,2021-12-14,7927
2021335,2021-12-15,1105
2021336,2021-12-16,4552
2021337,2021-12-17,7227
2021338,2021-12-18,2448
2021339,2021-12-19,1896
2021340,2021-12-20,3211
2021341,2021-12-21,7033
2021342,2021-12-22,6764
2021343,2021-12-23,8808
2021344,2021-12-24,0460
2021345,2021-12-25,5086
2021346,2021-12-26,3439
2021347,2021-12-27,8398
2021348,2021-12-28,2417
2021349,2021-12-29,2904
2021350,2021-12-30,1356
2021351,2021-12-31,2645
2022001,2022-01-01,3783
2022002,2022-01-02,2876
2022003,2022-01-03,5587
2022004,2022-01-04,0994
2022005,2022-01-05,8717
2022006,2022-01-06,4389
2022007,2022-01-07,5231
2022008,2022-01-08,8429
2022009,2022-01-09,8568
2022010,2022-01-10,6480
2022011,2022-01-11,0733
2022012,2022-01-12,5054
2022013,2022-01-13,0865
2022014,2022-01-14,7884
2022015,2022-01-15,9938
2022016,2022-01-16,9479
2022017,2022-01-17,5153
2022018,2022-01-18,7299
2022019,2022-01-19,8553
2022020,2022-01-20,5153
2022021,2022-01-21,4928
2022022,2022-01-22,9745
2022023,2022-01-23,4891
2022024,2022-01-24,5038
2022025,2022-01-25,9741
2022026,2022-01-26,6187
2022027,2022-01-27,9242
2022028,2022-01-28,9610
2022029,2022-02-08,1341
2022030,2022-02-09,4608
2022031,2022-02-10,6051
2022032,2022-02-11,7032
2022033,2022-02-12,3583
2022034,2022-02-13,9226
2022035,2022-02-14,4024
2022036,2022-02-15,0874
2022037,2022-02-16,3416
2022038,2022-02-17,3934
2022039,2022-02-18,4750
2022040,2022-02-19,5910
2022041,2022-02-20,5336
2022042,2022-02-21,5009
2022043,2022-02-22,0968
2022044,2022-02-23,5380
2022045,2022-02-24,4294
2022046,2022-02-25,3873
2022047,2022-02-26,8158
2022048,2022-02-27,7123
2022049,2022-02-28,4874
2022050,2022-03-01,0707
2022051,2022-03-02,8463
2022052,2022-03-03,4660
2022053,2022-03-04,5661
2022054,2022-03-05,2690
2022055,2022-03-06,2771
2022056,2022-03-07,0995
2022057,2022-03-08,1474
2022058,2022-03-09,0479
2022059,2022-03-10,5928
2022060,2022-03-11,2106
2022061,2022-03-12,3538
2022062,2022-03-13,8923
2022063,2022-03-14,7731
2022064,2022-03-15,6156
2022065,2022-03-16,9941
2022066,2022-03-17,4087
2022067,2022-03-18,0132
2022068,2022-03-19,7173
2022069,2022-03-20,5861
2022070,2022-03-21,7026
2022071,2022-03-22,3714
2022072,2022-03-23,6836
2022073,2022-03-24,2007
2022074,2022-03-25,0897
2022075,2022-03-26,7610
2022076,2022-03-27,1717
2022077,2022-03-28,9186
2022078,2022-03-29,3523
2022079,2022-03-30,8543
2022080,2022-03-31,4503
2022081,2022-04-01,1689
2022082,2022-04-02,6780
2022083,2022-04-03,3284
2022084,2022-04-04,9464
2022085,2022-04-05,2798
2022086,2022-04-06,9352
2022087,2022-04-07,1337
2022088,2022-04-08,9076
2022089,2022-04-09,8444
2022090,2022-04-10,5794
2022091,2022-04-11,8092
2022092,2022-04-12,8184
2022093,2022-04-13,9587
2022094,2022-04-14,4889
2022095,2022-04-15,1402
2022096,2022-04-16,8244
2022097,2022-04-17,0969
2022098,2022-04-18,9151
2022099,2022-04-19,4648
2022100,2022-04-20,4447
2022101,2022-04-21,1242
2022102,2022-04-22,3450
2022103,2022-04-23,0466
2022104,2022-04-24,0837
2022105,2022-04-25,6420
2022106,2022-04-26,6253
2022107,2022-04-27,0644
2022108,2022-04-28,4151
2022109,2022-04-29,0927
2022110,2022-04-30,8938
2022111,2022-05-01,9566
2022112,2022-05-02,7628
2022113,2022-05-03,6537
2022114,2022-05-04,9973
2022115,2022-05-05,8361
2022116,2022-05-06,7075
2022117,2022-05-07,4572
2022118,2022-05-08,4706
2022119,2022-05-09,0468
2022120,2022-05-10,9394
2022121,2022-05-11,6215
2022122,2022-05-12,3578
2022123,2022-05-13,1544
2022124,2022-05-14,2249
2022125,2022-05-15,2644
2022126,2022-05-16,2593
2022127,2022-05-17,1176
2022128,2022-05-18,8430
2022129,2022-05-19,0054
2022130,2022-05-20,3955
2022131,2022-05-21,2665
2022132,2022-05-22,7821
2022133,2022-05-23,6549
2022134,2022-05-24,2294
2022135,2022-05-25,0487
2022136,2022-05-26,6561
2022137,2022-05-27,2445
2022138,2022-05-28,4265
2022139,2022-05-29,1367
2022140,2022-05-30,2770
2022141,2022-05-31,7558
2022142,2022-06-01,5639
2022143,2022-06-02,1586
2022144,2022-06-03,0166
2022145,2022-06-04,7287
2022146,2022-06-05,1940
2022147,2022-06-06,1964
2022148,2022-06-07,4082
2022149,2022-06-08,4640
2022150,2022-06-09,8875
2022151,2022-06-10,1132
2022152,2022-06-11,0446
2022153,2022-06-12,1554
2022154,2022-06-13,4062
2022155,2022-06-14,0573
2022156,2022-06-15,7893
2022157,2022-06-16,4177
2022158,2022-06-17,8912
2022159,2022-06-18,2404
2022160,2022-06-19,0448
2022161,2022-06-20,5071
2022162,2022-06-21,7077
2022163,2022-06-22,7717
2022164,2022-06-23,1893
2022165,2022-06-24,4574
2022166,2022-06-25,4512
2022167,2022-06-26,2993
2022168,2022-06-27,5539
2022169,2022-06-28,4694
2022170,2022-06-29,7895
2022171,2022-06-30,9246
2022172,2022-07-01,3428
2022173,2022-07-02,5465
2022174,2022-07-03,2846
2022175,2022-07-04,1518
2022176,2022-07-05,4166
2022177,2022-07-06,2423
2022178,2022-07-07,9211
2022179,2022-07-08,9464
2022180,2022-07-09,3129
2022181,2022-07-10,0713
2022182,2022-07-11,4066
2022183,2022-07-12,1887
2022184,2022-07-13,9663
2022185,2022-07-14,5451
2022186,2022-07-15,1533
2022187,2022-07-16,7180
2022188,2022-07-17,4810
2022189,2022-07-18,2357
2022190,2022-07-19,7483
2022191,2022-07-20,2101
2022192,2022-07-21,6812
2022193,2022-07-22,1629
2022194,2022-07-23,7808
2022195,2022-07-24,1224
2022196,2022-07-25,1236
2022197,2022-07-26,9305
2022198,2022-07-27,0373
2022199,2022-07-28,3328
2022200,2022-07-29,3036
2022201,2022-07-30,2138
2022202,2022-07-31,9028
2022203,2022-08-01,6297
2022204,2022-08-02,6662
2022205,2022-08-03,4689
2022206,2022-08-04,2221
2022207,2022-08-05,4654
2022208,2022-08-06,6328
2022209,2022-08-07,3561
2022210,2022-08-08,6302
2022211,2022-08-09,3219
2022212,2022-08-10,6442
2022213,2022-08-11,8293
2022214,2022-08-12,8222
2022215,2022-08-13,0622
2022216,2022-08-14,7625
2022217,2022-08-15,5147
2022218,2022-08-16,7452
2022219,2022-08-17,2922
2022220,2022-08-18,3808
2022221,2022-08-19,2468
2022222,2022-08-20,2914
2022223,2022-08-21,0583
2022224,2022-08-22,8976
2022225,2022-08-23,4317
2022226,2022-08-24,9890
2022227,2022-08-25,6130
2022228,2022-08-26,5441
2022229,2022-08-27,7660
2022230,2022-08-28,9019
2022231,2022-08-29,4669
2022232,2022-08-30,6423
2022233,2022-08-31,8678
2022234,2022-09-01,8879
2022235,2022-09-02,8247
2022236,2022-09-03,8853
2022237,2022-09-04,6997
2022238,2022-09-05,6226
2022239,2022-09-06,2897
2022240,2022-09-07,1958
2022241,2022-09-08,0739
2022242,2022-09-09,0898
2022243,2022-09-10,4740
2022244,2022-09-11,1244
2022245,2022-09-12,8461
2022246,2022-09-13,8325
2022247,2022-09-14,4468
2022248,2022-09-15,0499
2022249,2022-09-16,0060
2022250,2022-09-17,0150
2022251,2022-09-18,1247
2022252,2022-09-19,1672
2022253,2022-09-20,9166
2022254,2022-09-21,7351
2022255,2022-09-22,3398
2022256,2022-09-23,4056
2022257,2022-09-24,7922
2022258,2022-09-25,1961
2022259,2022-09-26,4489
2022260,2022-09-27,4697
2022261,2022-09-28,0262
2022262,2022-09-29,3299
2022263,2022-09-30,3351
2022264,2022-10-05,7860
2022265,2022-10-06,4646
2022266,2022-10-07,2104
2022267,2022-10-08,5347
2022268,2022-10-09,3846
2022269,2022-10-10,3757
2022270,2022-10-11,2273
2022271,2022-10-12,5672
2022272,2022-10-13,3292
2022273,2022-10-14,7465
2022274,2022-10-15,0655
2022275,2022-10-16,0590
2022276,2022-10-17,7613
2022277,2022-10-18,2464
2022278,2022-10-19,4929
2022279,2022-10-20,9749
2022280,2022-10-21,1335
2022281,2022-10-22,1015
2022282,2022-10-23,8963
2022283,2022-10-24,8209
2022284,2022-10-25,7527
2022285,2022-10-26,4364
2022286,2022-10-27,9807
2022287,2022-10-28,7464
2022288,2022-10-29,5615
2022289,2022-10-30,7697
2022290,2022-10-31,8372
2022291,2022-11-01,6337
2022292,2022-11-02,9777
2022293,2022-11-03,3853
2022294,2022-11-04,6663
2022295,2022-11-05,6080
2022296,2022-11-06,0092
2022297,2022-11-07,1119
2022298,2022-11-08,8721
2022299,2022-11-09,2995
2022300,2022-11-10,0942
2022301,2022-11-11,1819
2022302,2022-11-12,8757
2022303,2022-11-13,5333
2022304,2022-11-14,1744
2022305,2022-11-15,0480
2022306,2022-11-16,5592
2022307,2022-11-17,3723
2022308,2022-11-18,2160
2022309,2022-11-19,0413
2022310,2022-11-20,2576
2022311,2022-11-21,6829
2022312,2022-11-22,1326
2022313,2022-11-23,1698
2022314,2022-11-24,7153
2022315,2022-11-25,5622
2022316,2022-11-26,2805
2022317,2022-11-27,2685
2022318,2022-11-28,0210
2022319,2022-11-29,0698
2022320,2022-11-30,7474
2022321,2022-12-01,8612
2022322,2022-12-02,3355
2022323,2022-12-03,7123
2022324,2022-12-04,8499
2022325,2022-12-05,7601
2022326,2022-12-06,2894
2022327,2022-12-07,2894
2022328,2022-12-08,6202
2022329,2022-12-09,1675
2022330,2022-12-10,2217
2022331,2022-12-11,8086
2022332,2022-12-12,4225
2022333,2022-12-13,8519
2022334,2022-12-14,3835
2022335,2022-12-15,0146
2022336,2022-12-16,3871
2022337,2022-12-17,2177
2022338,2022-12-18,4165
2022339,2022-12-19,5255
2022340,2022-12-20,2874
2022341,2022-12-21,0848
2022342,2022-12-22,3831
2022343,2022-12-23,3824
2022344,2022-12-24,2096
2022345,2022-12-25,4608
2022346,2022-12-26,5389
2022347,2022-12-27,9259
2022348,2022-12-28,7394
2022349,2022-12-29,4917
2022350,2022-12-30,2863
2022351,2022-12-31,0925
2023001,2023-01-01,4585
2023002,2023-01-02,0707
2023003,2023-01-03,9000
2023004,2023-01-04,1365
2023005,2023-01-05,4208
2023006,2023-01-06,7566
2023007,2023-01-07,3156
2023008,2023-01-08,9722
2023009,2023-01-09,2210
2023010,2023-01-10,8888
2023011,2023-01-11,0834
2023012,2023-01-12,7805
2023013,2023-01-13,2829
2023014,2023-01-14,0223
2023015,2023-01-15,6060
2023016,2023-01-16,7148
2023017,2023-01-17,1720
2023018,2023-01-18,2370
2023019,2023-01-29,7907
2023020,2023-01-30,4889
2023021,2023-01-31,9117
2023022,2023-02-01,1143
2023023,2023-02-02,3428
2023024,2023-02-03,0602
2023025,2023-02-04,3571
2023026,2023-02-05,6658
2023027,2023-02-06,3480
2023028,2023-02-07,1278
2023029,2023-02-08,4999
2023030,2023-02-09,7544
2023031,2023-02-10,9759
2023032,2023-02-11,0907
2023033,2023-02-12,6790
2023034,2023-02-13,9018
2023035,2023-02-14,6496
2023036,2023-02-15,6563
2023037,2023-02-16,7710
2023038,2023-02-17,0916
2023039,2023-02-18,7630
2023040,2023-02-19,3348
2023041,2023-02-20,6088
2023042,2023-02-21,2318
2023043,2023-02-22,5686
2023044,2023-02-23,0825
2023045,2023-02-24,6590
2023046,2023-02-25,8857
2023047,2023-02-26,5783
2023048,2023-02-27,5815
2023049,2023-02-28,9284
2023050,2023-03-01,7145
2023051,2023-03-02,9409
2023052,2023-03-03,3835
2023053,2023-03-04,3644
2023054,2023-03-05,3480
2023055,2023-03-06,8829
2023056,2023-03-07,1083
2023057,2023-03-08,4645
2023058,2023-03-09,6933
2023059,2023-03-10,5182
2023060,2023-03-11,7926
2023061,2023-03-12,7117
2023062,2023-03-13,0069
2023063,2023-03-14,4376
2023064,2023-03-15,0659
2023065,2023-03-16,4685
2023066,2023-03-17,5505
2023067,2023-03-18,8542
2023068,2023-03-19,3661
2023069,2023-03-20,9328
2023070,2023-03-21,5679
2023071,2023-03-22,0172
2023072,2023-03-23,4477
2023073,2023-03-24,1309
2023074,2023-03-25,0717
2023075,2023-03-26,7387
2023076,2023-03-27,5030
2023077,2023-03-28,2098
2023078,2023-03-29,3164
2023079,2023-03-30,0148
2023080,2023-03-31,4847
2023081,2023-04-01,9784
2023082,2023-04-02,7398
2023083,2023-04-03,0248
2023084,2023-04-04,0556
2023085,2023-04-05,5573
2023086,2023-04-06,9155
2023087,2023-04-07,3292
2023088,2023-04-08,2923
2023089,2023-04-09,9401
2023090,2023-04-10,5859
2023091,2023-04-11,7954
2023092,2023-04-12,8833
2023093,2023-04-13,5366
2023094,2023-04-14,5330
2023095,2023-04-15,4880
2023096,2023-04-16,7638
2023097,2023-04-17,6855
2023098,2023-04-18,2238
2023099,2023-04-19,5514
2023100,2023-04-20,6328
2023101,2023-04-21,5313
2023102,2023-04-22,7040
2023103,2023-04-23,9766
2023104,2023-04-24,6438
2023105,2023-04-25,5706
2023106,2023-04-26,2825
2023107,2023-04-27,5196
2023108,2023-04-28,4771
2023109,2023-04-29,3039
2023110,2023-04-30,4330
2023111,2023-05-01,6592
2023112,2023-05-02,1275
2023113,2023-05-03,2242
2023114,2023-05-04,8100
2023115,2023-05-05,5274
2023116,2023-05-06,9206
2023117,2023-05-07,4931
2023118,2023-05-08,6464
2023119,2023-05-09,0567
2023120,2023-05-10,0919
2023121,2023-05-11,6685
2023122,2023-05-12,8275
2023123,2023-05-13,5571
2023124,2023-05-14,0712
2023125,2023-05-15,5583
2023126,2023-05-16,9848
2023127,2023-05-17,1101
2023128,2023-05-18,8101
2023129,2023-05-19,3349
2023130,2023-05-20,5213
2023131,2023-05-21,5832
2023132,2023-05-22,0104
2023133,2023-05-23,4344
2023134,2023-05-24,2201
2023135,2023-05-25,4673
2023136,2023-05-26,9293
2023137,2023-05-27,7914
2023138,2023-05-28,4406
2023139,2023-05-29,4290
2023140,2023-05-30,0937
2023141,2023-05-31,7435
2023142,2023-06-01,1670
2023143,2023-06-02,8485
2023144,2023-06-03,5639
2023145,2023-06-04,8837
2023146,2023-06-05,5877
2023147,2023-06-06,8634
2023148,2023-06-07,3369
2023149,2023-06-08,0255
2023150,2023-06-09,0390
2023151,2023-06-10,3833
2023152,2023-06-11,3189
2023153,2023-06-12,7503
2023154,2023-06-13,4335
2023155,2023-06-14,8538
2023156,2023-06-15,2515
2023157,2023-06-16,7864
2023158,2023-06-17,4474
2023159,2023-06-18,3192
2023160,2023-06-19,3934
2023161,2023-06-20,5367
2023162,2023-06-21,0949
2023163,2023-06-22,1270
2023164,2023-06-23,2155
2023165,2023-06-24,2510
2023166,2023-06-25,1283
2023167,2023-06-26,1909
2023168,2023-06-27,9331
2023169,2023-06-28,7211
2023170,2023-06-29,0822
2023171,2023-06-30,2254
2023172,2023-07-01,7807
2023173,2023-07-02,0134
2023174,2023-07-03,8296
2023175,2023-07-04,2808
2023176,2023-07-05,0712
2023177,2023-07-06,7097
2023178,2023-07-07,7112
2023179,2023-07-08,4990
2023180,2023-07-09,6876
2023181,2023-07-10,7790
2023182,2023-07-11,1219
2023183,2023-07-12,8069
2023184,2023-07-13,9643
2023185,2023-07-14,4684
2023186,2023-07-15,7071
2023187,2023-07-16,7652
2023188,2023-07-17,2844
2023189,2023-07-18,0705
2023190,2023-07-19,6001
2023191,2023-07-20,3607
2023192,2023-07-21,2148
2023193,2023-07-22,4199
2023194,2023-07-23,3037
2023195,2023-07-24,3670
2023196,2023-07-25,8006
2023197,2023-07-26,3072
2023198,2023-07-27,0790
2023199,2023-07-28,7232
2023200,2023-07-29,5149
2023201,2023-07-30,7348
2023202,2023-07-31,7583
2023203,2023-08-01,1405
2023204,2023-08-02,0141
2023205,2023-08-03,0972
2023206,2023-08-04,4484
2023207,2023-08-05,1267
2023208,2023-08-06,6697
2023209,2023-08-07,2176
2023210,2023-08-08,9360
2023211,2023-08-09,7929
2023212,2023-08-10,8530
2023213,2023-08-11,0773
2023214,2023-08-12,1013
2023215,2023-08-13,4803
2023216,2023-08-14,1389
2023217,2023-08-15,7488
2023218,2023-08-16,9428
2023219,2023-08-17,7383
2023220,2023-08-18,0356
2023221,2023-08-19,6499
2023222,2023-08-20,9771
2023223,2023-08-21,7403
2023224,2023-08-22,3747
2023225,2023-08-23,1187
2023226,2023-08-24,5358
2023227,2023-08-25,9017
2023228,2023-08-26,7731
2023229,2023-08-27,6789
2023230,2023-08-28,9497
2023231,2023-08-29,3657
2023232,2023-08-30,8606
2023233,2023-08-31,1240
2023234,2023-09-01,8053
2023235,2023-09-02,4248
2023236,2023-09-03,2706
2023237,2023-09-04,7988
2023238,2023-09-05,5623
2023239,2023-09-06,4400
2023240,2023-09-07,7021
2023241,2023-09-08,9351
2023242,2023-09-09,9879
2023243,2023-09-10,9660
2023244,2023-09-11,3152
2023245,2023-09-12,4808
2023246,2023-09-13,4227
2023247,2023-09-14,9372
2023248,2023-09-15,6964
2023249,2023-09-16,0396
2023250,2023-09-17,1809
2023251,2023-09-18,7363
2023252,2023-09-19,9610
2023253,2023-09-20,9864
2023254,2023-09-21,9917
2023255,2023-09-22,0563
2023256,2023-09-23,8407
2023257,2023-09-24,9087
2023258,2023-09-25,9153
2023259,2023-09-26,0888
2023260,2023-09-27,2479
2023261,2023-09-28,9307
2023262,2023-09-29,7173
2023263,2023-09-30,9930
2023264,2023-10-05,9254
2023265,2023-10-06,2240
2023266,2023-10-07,1336
2023267,2023-10-08,5545
2023268,2023-10-09,9753
2023269,2023-10-10,2341
2023270,2023-10-11,3553
2023271,2023-10-12,0967
2023272,2023-10-13,4190
2023273,2023-10-14,1214
2023274,2023-10-15,6699
2023275,2023-10-16,9842
2023276,2023-10-17,6062
2023277,2023-10-18,0281
2023278,2023-10-19,0705
2023279,2023-10-20,3911
2023280,2023-10-21,6013
2023281,2023-10-22,3447
2023282,2023-10-23,3083
2023283,2023-10-24,0295
2023284,2023-10-25,3826
2023285,2023-10-26,7163
2023286,2023-10-27,1160
2023287,2023-10-28,8948
2023288,2023-10-29,3142
2023289,2023-10-30,9989
2023290,2023-10-31,1547
2023291,2023-11-01,1501
2023292,2023-11-02,9688
2023293,2023-11-03,4341
2023294,2023-11-04,6676
2023295,2023-11-05,8828
2023296,2023-11-06,8074
2023297,2023-11-07,7615
2023298,2023-11-08,3659
2023299,2023-11-09,8083
2023300,2023-11-10,2965
2023301,2023-11-11,0418
2023302,2023-11-12,1616
2023303,2023-11-13,5728
2023304,2023-11-14,7284
2023305,2023-11-15,6791
2023306,2023-11-16,3308
2023307,2023-11-17,9369
2023308,2023-11-18,6195
2023309,2023-11-19,3299
2023310,2023-11-20,4176
2023311,2023-11-21,5839
2023312,2023-11-22,4426
2023313,2023-11-23,4143
2023314,2023-11-24,3550
2023315,2023-11-25,7475
2023316,2023-11-26,2341
2023317,2023-11-27,3970
2023318,2023-11-28,7900
2023319,2023-11-29,9659
2023320,2023-11-30,6977
2023321,2023-12-01,2111
2023322,2023-12-02,1742
2023323,2023-12-03,9455
2023324,2023-12-04,6024
2023325,2023-12-05,7179
2023326,2023-12-06,7901
2023327,2023-12-07,3147
2023328,2023-12-08,8821
2023329,2023-12-09,2895
2023330,2023-12-10,5318
2023331,2023-12-11,4021
2023332,2023-12-12,6672
2023333,2023-12-13,9894
2023334,2023-12-14,5879
2023335,2023-12-15,0473
2023336,2023-12-16,8216
2023337,2023-12-17,8465
2023338,2023-12-18,3801
2023339,2023-12-19,4828
2023340,2023-12-20,0899
2023341,2023-12-21,3415
2023342,2023-12-22,9781
2023343,2023-12-23,7306
2023344,2023-12-24,8017
2023345,2023-12-25,6787
2023346,2023-12-26,2580
2023347,2023-12-27,7421
2023348,2023-12-28,5971
2023349,2023-12-29,9232
2023350,2023-12-30,1979
2023351,2023-12-31,5718
2024001,2024-01-01,4033
2024002,2024-01-02,5444
2024003,2024-01-03,6663
2024004,2024-01-04,6659
2024005,2024-01-05,2594
2024006,2024-01-06,2847
2024007,2024-01-07,8889
2024008,2024-01-08,4050
2024009,2024-01-09,8150
2024010,2024-01-10,2813
2024011,2024-01-11,0808
2024012,2024-01-12,0815
2024013,2024-01-13,9857
2024014,2024-01-14,1877
2024015,2024-01-15,4756
2024016,2024-01-16,7025
2024017,2024-01-17,5555
2024018,2024-01-18,8594
2024019,2024-01-19,3138
2024020,2024-01-20,4065
2024021,2024-01-21,3707
2024022,2024-01-22,1240
2024023,2024-01-23,7934
2024024,2024-01-24,1997
2024025,2024-01-25,3149
2024026,2024-01-26,7510
2024027,2024-01-27,5024
2024028,2024-01-28,2593
2024029,2024-01-29,5754
2024030,2024-01-30,9514
2024031,2024-01-31,6824
2024032,2024-02-01,8052
2024033,2024-02-02,7393
2024034,2024-02-03,0173
2024035,2024-02-04,3065
2024036,2024-02-05,5479
2024037,2024-02-06,9107
2024038,2024-02-07,5294
2024039,2024-02-18,5086
2024040,2024-02-19,5147
2024041,2024-02-20,9055
2024042,2024-02-21,3427
2024043,2024-02-22,2960
2024044,2024-02-23,8852
2024045,2024-02-24,7578
2024046,2024-02-25,7026
2024047,2024-02-26,7608
2024048,2024-02-27,3963
2024049,2024-02-28,6310
2024050,2024-02-29,4959
2024051,2024-03-01,6747
2024052,2024-03-02,9950
2024053,2024-03-03,9582
2024054,2024-03-04,2218
2024055,2024-03-05,1733
2024056,2024-03-06,7883
2024057,2024-03-07,7658
2024058,2024-03-08,0654
2024059,2024-03-09,6297
2024060,2024-03-10,3572
2024061,2024-03-11,2507
2024062,2024-03-12,7845
2024063,2024-03-13,6519
2024064,2024-03-14,1322
2024065,2024-03-15,9037
2024066,2024-03-16,8038
2024067,2024-03-17,5496
2024068,2024-03-18,2398
2024069,2024-03-19,4110
2024070,2024-03-20,8910
2024071,2024-03-21,2582
2024072,2024-03-22,3415
2024073,2024-03-23,5904
2024074,2024-03-24,6295
2024075,2024-03-25,2850
2024076,2024-03-26,9687
2024077,2024-03-27,6268
2024078,2024-03-28,1268
2024079,2024-03-29,8890
2024080,2024-03-30,0126
2024081,2024-03-31,9285
2024082,2024-04-01,5715
2024083,2024-04-02,2321
2024084,2024-04-03,5494
2024085,2024-04-04,4936
2024086,2024-04-05,2783
2024087,2024-04-06,1610
2024088,2024-04-07,8195
2024089,2024-04-08,1170
2024090,2024-04-09,2062
2024091,2024-04-10,1965
2024092,2024-04-11,1504
2024093,2024-04-12,9353
2024094,2024-04-13,2717
2024095,2024-04-14,1754
2024096,2024-04-15,4635
2024097,2024-04-16,8637
2024098,2024-04-17,2470
2024099,2024-04-18,1025
2024100,2024-04-19,1577
2024101,2024-04-20,0307
2024102,2024-04-21,2153
2024103,2024-04-22,5512
2024104,2024-04-23,4742
2024105,2024-04-24,2101
2024106,2024-04-25,5332
2024107,2024-04-26,4993
2024108,2024-04-27,2528
2024109,2024-04-28,2436
2024110,2024-04-29,6290
2024111,2024-04-30,3367
2024112,2024-05-01,2180
2024113,2024-05-02,3450
2024114,2024-05-03,5485
2024115,2024-05-04,6202
2024116,2024-05-05,3484
2024117,2024-05-06,1858
2024118,2024-05-07,7337
2024119,2024-05-08,2553
2024120,2024-05-09,5291
2024121,2024-05-10,5184
2024122,2024-05-11,2463
2024123,2024-05-12,5385
2024124,2024-05-13,8350
2024125,2024-05-14,7068
2024126,2024-05-15,3795
2024127,2024-05-16,7440
2024128,2024-05-17,0178
2024129,2024-05-18,2787
2024130,2024-05-19,1220
2024131,2024-05-20,5714
2024132,2024-05-21,6044
2024133,2024-05-22,2812
2024134,2024-05-23,6607
2024135,2024-05-24,8916
2024136,2024-05-25,0628
2024137,2024-05-26,1287
2024138,2024-05-27,9975
2024139,2024-05-28,5369
2024140,2024-05-29,5208
2024141,2024-05-30,8043
2024142,2024-05-31,4263
2024143,2024-06-01,1850
2024144,2024-06-02,1478
2024145,2024-06-03,2057
2024146,2024-06-04,9919
2024147,2024-06-05,5587
2024148,2024-06-06,3430
2024149,2024-06-07,6761
2024150,2024-06-08,1290
2024151,2024-06-09,9003
2024152,2024-06-10,9364
2024153,2024-06-11,3895
2024154,2024-06-12,9835
2024155,2024-06-13,8897
2024156,2024-06-14,1724
2024157,2024-06-15,2113
2024158,2024-06-16,6064
2024159,2024-06-17,4306
2024160,2024-06-18,4255
2024161,2024-06-19,6494
2024162,2024-06-20,3204
2024163,2024-06-21,5146
2024164,2024-06-22,0067
2024165,2024-06-23,9329
2024166,2024-06-24,4795
2024167,2024-06-25,5076
2024168,2024-06-26,5414
2024169,2024-06-27,7593
2024170,2024-06-28,0317
2024171,2024-06-29,0707
2024172,2024-06-30,4005
2024173,2024-07-01,6588
2024174,2024-07-02,1918
2024175,2024-07-03,1950
2024176,2024-07-04,9325
2024177,2024-07-05,5798
2024178,2024-07-06,6634
2024179,2024-07-07,5354
2024180,2024-07-08,2154
2024181,2024-07-09,3239
2024182,2024-07-10,2824
2024183,2024-07-11,5009
2024184,2024-07-12,7304
2024185,2024-07-13,8849
2024186,2024-07-14,3673
2024187,2024-07-15,8835
2024188,2024-07-16,0244
2024189,2024-07-17,7932
2024190,2024-07-18,6449
2024191,2024-07-19,4392
2024192,2024-07-20,3407
2024193,2024-07-21,0062
2024194,2024-07-22,0789
2024195,2024-07-23,5170
2024196,2024-07-24,5390
2024197,2024-07-25,1056
2024198,2024-07-26,5500
2024199,2024-07-27,5581
2024200,2024-07-28,3807
2024201,2024-07-29,5152
2024202,2024-07-30,1870
2024203,2024-07-31,5926
2024204,2024-08-01,0479
2024205,2024-08-02,2416
2024206,2024-08-03,4466
2024207,2024-08-04,9820
2024208,2024-08-05,9737
2024209,2024-08-06,5355
2024210,2024-08-07,2859
2024211,2024-08-08,6497
2024212,2024-08-09,7270
2024213,2024-08-10,7346
2024214,2024-08-11,1453
2024215,2024-08-12,8775
2024216,2024-08-13,8483
2024217,2024-08-14,1110
2024218,2024-08-15,2917
2024219,2024-08-16,9717
2024220,2024-08-17,7241
2024221,2024-08-18,5005
2024222,2024-08-19,9933
2024223,2024-08-20,5491
2024224,2024-08-21,8352
2024225,2024-08-22,7586
2024226,2024-08-23,2323
2024227,2024-08-24,9951
2024228,2024-08-25,2741
2024229,2024-08-26,9261
2024230,2024-08-27,0883
2024231,2024-08-28,6964
2024232,2024-08-29,2976
2024233,2024-08-30,4984
2024234,2024-08-31,2759
2024235,2024-09-01,9541
2024236,2024-09-02,3769
2024237,2024-09-03,3568
2024238,2024-09-04,4306
2024239,2024-09-05,1684
2024240,2024-09-06,8152
2024241,2024-09-07,0639
2024242,2024-09-08,1889
2024243,2024-09-09,9163
2024244,2024-09-10,3689
2024245,2024-09-11,1849
2024246,2024-09-12,8164
2024247,2024-09-13,4348
2024248,2024-09-14,9543
2024249,2024-09-15,1983
2024250,2024-09-16,6069
2024251,2024-09-17,3562
2024252,2024-09-18,7005
2024253,2024-09-19,1483
2024254,2024-09-20,4231
2024255,2024-09-21,1558
2024256,2024-09-22,5491
2024257,2024-09-23,0086
2024258,2024-09-24,6905
2024259,2024-09-25,4446
2024260,2024-09-26,5232
2024261,2024-09-27,1959
2024262,2024-09-28,2164
2024263,2024-09-29,4048
2024264,2024-09-30,3473
2024265,2024-10-05,7010
2024266,2024-10-06,1434
2024267,2024-10-07,8417
2024268,2024-10-08,8313
2024269,2024-10-09,3243
2024270,2024-10-10,8016
2024271,2024-10-11,3957
2024272,2024-10-12,4369
2024273,2024-10-13,8123
2024274,2024-10-14,2748
2024275,2024-10-15,6813
2024276,2024-10-16,0887
2024277,2024-10-17,6236
2024278,2024-10-18,1344
2024279,2024-10-19,8867
2024280,2024-10-20,8597
2024281,2024-10-21,4650
2024282,2024-10-22,9055
2024283,2024-10-23,2855
2024284,2024-10-24,0346
2024285,2024-10-25,3474
2024286,2024-10-26,1567
2024287,2024-10-27,9456
2024288,2024-10-28,8109
2024289,2024-10-29,0064
2024290,2024-10-30,0044
2024291,2024-10-31,3404
2024292,2024-11-01,0300
2024293,2024-11-02,0448
2024294,2024-11-03,7019
2024295,2024-11-04,5525
2024296,2024-11-05,8980
2024297,2024-11-06,0371
2024298,2024-11-07,6808
2024299,2024-11-08,5810
2024300,2024-11-09,9333
2024301,2024-11-10,8773
2024302,2024-11-11,3980
2024303,2024-11-12,2019
2024304,2024-11-13,4253
2024305,2024-11-14,8418
2024306,2024-11-15,5088
2024307,2024-11-16,5821
2024308,2024-11-17,8439
2024309,2024-11-18,4830
2024310,2024-11-19,7189
2024311,2024-11-20,5331
2024312,2024-11-21,4132
2024313,2024-11-22,4711
2024314,2024-11-23,0802
2024315,2024-11-24,0711
2024316,2024-11-25,3327
2024317,2024-11-26,3557
2024318,2024-11-27,2439
2024319,2024-11-28,7933
2024320,2024-11-29,8634
2024321,2024-11-30,0500
2024322,2024-12-01,6785
2024323,2024-12-02,9147
2024324,2024-12-03,6301
2024325,2024-12-04,0230
2024326,2024-12-05,2570
2024327,2024-12-06,1342
2024328,2024-12-07,1250
2024329,2024-12-08,1478
2024330,2024-12-09,8113
2024331,2024-12-10,7122
2024332,2024-12-11,6795
2024333,2024-12-12,8485
2024334,2024-12-13,7468
2024335,2024-12-14,4990
2024336,2024-12-15,2496
2024337,2024-12-16,1725
2024338,2024-12-17,1555
2024339,2024-12-18,9186
2024340,2024-12-19,0317
2024341,2024-12-20,6534
2024342,2024-12-21,0848
2024343,2024-12-22,4811
2024344,2024-12-23,5461
2024345,2024-12-24,6203
2024346,2024-12-25,6772
2024347,2024-12-26,8934
2024348,2024-12-27,1920
2024349,2024-12-28,9073
2024350,2024-12-29,2204
2024351,2024-12-30,7888
2024352,2024-12-31,6918
2025001,2025-01-01,1233
2025002,2025-01-02,9006
2025003,2025-01-03,1684
2025004,2025-01-04,3518
2025005,2025-01-05,6177
2025006,2025-01-06,6569
2025007,2025-01-07,3621
2025008,2025-01-08,1280
2025009,2025-01-09,8060
2025010,2025-01-10,1432
2025011,2025-01-11,0274
2025012,2025-01-12,4716
2025013,2025-01-13,9780
2025014,2025-01-14,5087
2025015,2025-01-15,3987
2025016,2025-01-16,9635
2025017,2025-01-17,9569
2025018,2025-01-18,2925
2025019,2025-01-19,7342
2025020,2025-01-20,1597
2025021,2025-01-21,3465
2025022,2025-01-22,4840
2025023,2025-01-23,7880
2025024,2025-01-24,2285
2025025,2025-01-25,6775
2025026,2025-01-26,3463
2025027,2025-02-06,0487
2025028,2025-02-07,8223
2025029,2025-02-08,4894
2025030,2025-02-09,2971
2025031,2025-02-10,5134
2025032,2025-02-11,3927
2025033,2025-02-12,9345
2025034,2025-02-13,3091
2025035,2025-02-14,8497
2025036,2025-02-15,5210
2025037,2025-02-16,5788
2025038,2025-02-17,3661
2025039,2025-02-18,5886
2025040,2025-02-19,8752
2025041,2025-02-20,9162
2025042,2025-02-21,6755
2025043,2025-02-22,5522
2025044,2025-02-23,8057
2025045,2025-02-24,7229
2025046,2025-02-25,3725
2025047,2025-02-26,8062
2025048,2025-02-27,5704
2025049,2025-02-28,0373
2025050,2025-03-01,5705
2025051,2025-03-02,9736
2025052,2025-03-03,3372
2025053,2025-03-04,8993
2025054,2025-03-05,3844
2025055,2025-03-06,9164
2025056,2025-03-07,7161
2025057,2025-03-08,7654
2025058,2025-03-09,6729
2025059,2025-03-10,7712
2025060,2025-03-11,7933
2025061,2025-03-12,4904
2025062,2025-03-13,2571
2025063,2025-03-14,4667
2025064,2025-03-15,6564
2025065,2025-03-16,9903
2025066,2025-03-17,1846
2025067,2025-03-18,6716
2025068,2025-03-19,9756
2025069,2025-03-20,9341
2025070,2025-03-21,7711
2025071,2025-03-22,4628
2025072,2025-03-23,9359
2025073,2025-03-24,1329
2025074,2025-03-25,1796
2025075,2025-03-26,7437
2025076,2025-03-27,4075
2025077,2025-03-28,4257
2025078,2025-03-29,1134
2025079,2025-03-30,2967
2025080,2025-03-31,7386
2025081,2025-04-01,7668
2025082,2025-04-02,3445
2025083,2025-04-03,5939
2025084,2025-04-04,3047
2025085,2025-04-05,3532
2025086,2025-04-06,6344
2025087,2025-04-07,8457
2025088,2025-04-08,2223
2025089,2025-04-09,2088
2025090,2025-04-10,9934
2025091,2025-04-11,8300
2025092,2025-04-12,7219
2025093,2025-04-13,4322
2025094,2025-04-14,5340
2025095,2025-04-15,6727
2025096,2025-04-16,9487
2025097,2025-04-17,1716
2025098,2025-04-18,1927
2025099,2025-04-19,1745
2025100,2025-04-20,9970
2025101,2025-04-21,9115
2025102,2025-04-22,2334
2025103,2025-04-23,4714
2025104,2025-04-24,1449
2025105,2025-04-25,0849
2025106,2025-04-26,0767
2025107,2025-04-27,7262
2025108,2025-04-28,8774
2025109,2025-04-29,6197
2025110,2025-04-30,1165
2025111,2025-05-01,5888
2025112,2025-05-02,4838
2025113,2025-05-03,0297
2025114,2025-05-04,1924
2025115,2025-05-05,8474
2025116,2025-05-06,3604
2025117,2025-05-07,1701
2025118,2025-05-08,2558
2025119,2025-05-09,7030
2025120,2025-05-10,4015
2025121,2025-05-11,4249
2025122,2025-05-12,0304
2025123,2025-05-13,8423
2025124,2025-05-14,5279
2025125,2025-05-15,6277
2025126,2025-05-16,1848
2025127,2025-05-17,4929
2025128,2025-05-18,8704
2025129,2025-05-19,1894
2025130,2025-05-20,0685
2025131,2025-05-21,3672
2025132,2025-05-22,2755
2025133,2025-05-23,8660
2025134,2025-05-24,5101
2025135,2025-05-25,8169
2025136,2025-05-26,3244
2025137,2025-05-27,7211
2025138,2025-05-28,8956
2025139,2025-05-29,1557
2025140,2025-05-30,2676
2025141,2025-05-31,4750
2025142,2025-06-01,3430
2025143,2025-06-02,9444
2025144,2025-06-03,3899
2025145,2025-06-04,4715
2025146,2025-06-05,8224
2025147,2025-06-06,0230
2025148,2025-06-07,5570
2025149,2025-06-08,7729
2025150,2025-06-09,2123
2025151,2025-06-10,6864
2025152,2025-06-11,7470
2025153,2025-06-12,8945
2025154,2025-06-13,9896
2025155,2025-06-14,0401
2025156,2025-06-15,6380
2025157,2025-06-16,2509
2025158,2025-06-17,8827
2025159,2025-06-18,2741
2025160,2025-06-19,1715
2025161,2025-06-20,2488
2025162,2025-06-21,3174
2025163,2025-06-22,7662
2025164,2025-06-23,5191
2025165,2025-06-24,1032
2025166,2025-06-25,6966
2025167,2025-06-26,2674
2025168,2025-06-27,2032
2025169,2025-06-28,6993
2025170,2025-06-29,5024
2025171,2025-06-30,1052
2025172,2025-07-01,7245
2025173,2025-07-02,6736
2025174,2025-07-03,1313
2025175,2025-07-04,4133
2025176,2025-07-05,9494
2025177,2025-07-06,9779
2025178,2025-07-07,7143
2025179,2025-07-08,9721
2025180,2025-07-09,8895
2025181,2025-07-10,8945
2025182,2025-07-11,7214
2025183,2025-07-12,1775
2025184,2025-07-13,2218
2025185,2025-07-14,3087
2025186,2025-07-15,5142
2025187,2025-07-16,6416
2025188,2025-07-17,6237
2025189,2025-07-18,5565
2025190,2025-07-19,4997
2025191,2025-07-20,6694
2025192,2025-07-21,6835
2025193,2025-07-22,2654
2025194,2025-07-23,2703
2025195,2025-07-24,2109
2025196,2025-07-25,9414
2025197,2025-07-26,8692
2025198,2025-07-27,7178
2025199,2025-07-28,4859
2025200,2025-07-29,2112
2025201,2025-07-30,4013
2025202,2025-07-31,2537
2025203,2025-08-01,7351
2025204,2025-08-02,8307
2025205,2025-08-03,7832
2025206,2025-08-04,6053
2025207,2025-08-05,1545
2025208,2025-08-06,3094
2025209,2025-08-07,9214
2025210,2025-08-08,6222
2025211,2025-08-09,0509
2025212,2025-08-10,2235
2025213,2025-08-11,8685
2025214,2025-08-12,1766
2025215,2025-08-13,6959
2025216,2025-08-14,4106
2025217,2025-08-15,2420
2025218,2025-08-16,3078
2025219,2025-08-17,7849
2025220,2025-08-18,3532
2025221,2025-08-19,7917
2025222,2025-08-20,6608
2025223,2025-08-21,7950
2025224,2025-08-22,0219
2025225,2025-08-23,0090
2025226,2025-08-24,3732
2025227,2025-08-25,4539
2025228,2025-08-26,1646
2025229,2025-08-27,1230
2025230,2025-08-28,1780
2025231,2025-08-29,2585
2025232,2025-08-30,3976
2025233,2025-08-31,1439
2025234,2025-09-01,2825
2025235,2025-09-02,3214
2025236,2025-09-03,1511
2025237,2025-09-04,7133
2025238,2025-09-05,7545
2025239,2025-09-06,2201
2025240,2025-09-07,6276
2025241,2025-09-08,2863
2025242,2025-09-09,5239
2025243,2025-09-10,8128
2025244,2025-09-11,7586
2025245,2025-09-12,9949
2025246,2025-09-13,2076
2025247,2025-09-14,3642
2025248,2025-09-15,9838
2025249,2025-09-16,5320
2025250,2025-09-17,1780
2025251,2025-09-18,5585
2025252,2025-09-19,1905
2025253,2025-09-20,6930
2025254,2025-09-21,6288
2025255,2025-09-22,5832
2025256,2025-09-23,7977
2025257,2025-09-24,5615
2025258,2025-09-25,0386
2025259,2025-09-26,4209
2025260,2025-09-27,5145
2025261,2025-09-28,8775
2025262,2025-09-29,5126
2025263,2025-09-30,1480
2025264,2025-10-05,2020
2025265,2025-10-06,2814
2025266,2025-10-07,7425
2025267,2025-10-08,8561
2025268,2025-10-09,3213
2025269,2025-10-10,8750
2025270,2025-10-11,0182
2025271,2025-10-12,8985
2025272,2025-10-13,7674
2025273,2025-10-14,4173
2025274,2025-10-15,7877
2025275,2025-10-16,1507
2025276,2025-10-17,9826
2025277,2025-10-18,4322
2025278,2025-10-19,6278
2025279,2025-10-20,3757
2025280,2025-10-21,5393
2025281,2025-10-22,7079
2025282,2025-10-23,0969
2025283,2025-10-24,0578
2025284,2025-10-25,2473
2025285,2025-10-26,9053
2025286,2025-10-27,6410
2025287,2025-10-28,1803
2025288,2025-10-29,5042
2025289,2025-10-30,6856
2025290,2025-10-31,1251
2025291,2025-11-01,9485
2025292,2025-11-02,6735
2025293,2025-11-03,0944
2025294,2025-11-04,9944
2025295,2025-11-05,1245
2025296,2025-11-06,0523
2025297,2025-11-07,4538
2025298,2025-11-08,1412
2025299,2025-11-09,3009
2025300,2025-11-10,8430
2025301,2025-11-11,5820
2025302,2025-11-12,0163
2025303,2025-11-13,9438
2025304,2025-11-14,0791
2025305,2025-11-15,4974
2025306,2025-11-16,1786
2025307,2025-11-17,6181
2025308,2025-11-18,2346
2025309,2025-11-19,5272
2025310,2025-11-20,0165
2025311,2025-11-21,1145
2025312,2025-11-22,1095
2025313,2025-11-23,4455
2025314,2025-11-24,8024
2025315,2025-11-25,9736
2025316,2025-11-26,9181
2025317,2025-11-27,7566
2025318,2025-11-28,4384
2025319,2025-11-29,8655
2025320,2025-11-30,7256
2025321,2025-12-01,5680
2025322,2025-12-02,1483
2025323,2025-12-03,6871
2025324,2025-12-04,5139
2025325,2025-12-05,8360
2025326,2025-12-06,0451
2025327,2025-12-07,8292
2025328,2025-12-08,8251
2025329,2025-12-09,3709
2025330,2025-12-10,5945
2025331,2025-12-11,9809
2025332,2025-12-12,9394
2025333,2025-12-13,9610
2025334,2025-12-14,5833
2025335,2025-12-15,2764
2025336,2025-12-16,4126
2025337,2025-12-17,5543
2025338,2025-12-18,1646
2025339,2025-12-19,9004
2025340,2025-12-20,2556
2025341,2025-12-21,8175
2025342,2025-12-22,0792
2025343,2025-12-23,0125
2025344,2025-12-24,4957
2025345,2025-12-25,4319
2025346,2025-12-26,8260
2025347,2025-12-27,6956
2025348,2025-12-28,3731
2025349,2025-12-29,0322
2025350,2025-12-30,6734
2025351,2025-12-31,6172
2026001,2026-01-01,8301
2026002,2026-01-02,6892
2026003,2026-01-03,0868
2026004,2026-01-04,8788
2026005,2026-01-05,0616
2026006,2026-01-06,7188
2026007,2026-01-07,1266
2026008,2026-01-08,5096
2026009,2026-01-09,2482
2026010,2026-01-10,9203
2026011,2026-01-11,0306
2026012,2026-01-12,5220
2026013,2026-01-13,4778
2026014,2026-01-14,8338
2026015,2026-01-15,2024
2026016,2026-01-16,2159
2026017,2026-01-17,1128
2026018,2026-01-18,8963
2026019,2026-01-19,8489
2026020,2026-01-20,0958
2026021,2026-01-21,2630
2026022,2026-01-22,2550
2026023,2026-01-23,4952
2026024,2026-01-24,2683
2026025,2026-01-25,1811
2026026,2026-01-26,2914
2026027,2026-01-27,0840
2026028,2026-01-28,4999
2026029,2026-01-29,6137
2026030,2026-01-30,8115
2026031,2026-01-31,7869
2026032,2026-02-01,7307
2026033,2026-02-02,1413
2026034,2026-02-03,2169
2026035,2026-02-04,7170
2026036,2026-02-05,7882
2026037,2026-02-06,7245
2026038,2026-02-07,7898
2026039,2026-02-08,8528
2026040,2026-02-09,0097
2026041,2026-02-10,6396
2026042,2026-02-11,7952
2026043,2026-02-12,1792
2026044,2026-02-13,0516
2026045,2026-02-24,1447
2026046,2026-02-25,7032
2026047,2026-02-26,3304
2026048,2026-02-27,0976
2026049,2026-02-28,5925
2026050,2026-03-01,4354
2026051,2026-03-02,0453
2026052,2026-03-03,6491
2026053,2026-03-04,7449
2026054,2026-03-05,6556
2026055,2026-03-06,5375
2026056,2026-03-07,1192
2026057,2026-03-08,4793
2026058,2026-03-09,5906
2026059,2026-03-10,2099
2026060,2026-03-11,1180
2026061,2026-03-12,3474
2026062,2026-03-13,3154
2026063,2026-03-14,7238
2026064,2026-03-15,5289
2026065,2026-03-16,8518
2026066,2026-03-17,8078
2026067,2026-03-18,4281
2026068,2026-03-19,8400
2026069,2026-03-20,1146
2026070,2026-03-21,1318
2026071,2026-03-22,5515
2026072,2026-03-23,1151
2026073,2026-03-24,3250
2026074,2026-03-25,4063
2026075,2026-03-26,4374
2026076,2026-03-27,4196
2026077,2026-03-28,7807
2026078,2026-03-29,6348
2026079,2026-03-30,1959
2026080,2026-03-31,7700
2026081,2026-04-01,6901
2026082,2026-04-02,0483
2026083,2026-04-03,9034
2026084,2026-04-04,0049
2026085,2026-04-05,0207
2026086,2026-04-06,3348
2026087,2026-04-07,0707
2026088,2026-04-08,4745
2026089,2026-04-09,2163
2026090,2026-04-10,9544
2026091,2026-04-11,2028
2026092,2026-04-12,7612
2026093,2026-04-13,9987
2026094,2026-04-14,9381
2026095,2026-04-15,5681
2026096,2026-04-16,6439
2026097,2026-04-17,2268
2026098,2026-04-18,9743
2026099,2026-04-19,4241
2026100,2026-04-20,2075
2026101,2026-04-21,0903
2026102,2026-04-22,4902
2026103,2026-04-23,9012
2026104,2026-04-24,7867
2026105,2026-04-25,2176
2026106,2026-04-26,3439
2026107,2026-04-27,1541
2026108,2026-04-28,6563
2026109,2026-04-29,0881
2026110,2026-04-30,3430
2026111,2026-05-01,8779
2026112,2026-05-02,6529
2026113,2026-05-03,9258
2026114,2026-05-04,0177
2026115,2026-05-05,3330
2026116,2026-05-06,9514
2026117,2026-05-07,0912
2026118,2026-05-08,2723
2026119,2026-05-09,2221
2026120,2026-05-10,2964
2026121,2026-05-11,0403
2026122,2026-05-12,7476
2026123,2026-05-13,9551
2026124,2026-05-14,7853
2026125,2026-05-15,8672
2026126,2026-05-16,8352
2026127,2026-05-17,9360
2026128,2026-05-18,5122
2026129,2026-05-19,6833
2026130,2026-05-20,0701
2026131,2026-05-21,9684
2026132,2026-05-22,4435
2026133,2026-05-23,5437
2026134,2026-05-24,5153
2026135,2026-05-25,9392
2026136,2026-05-26,4662
2026137,2026-05-27,5443
2026138,2026-05-28,2635
2026139,2026-05-29,1981
2026140,2026-05-30,4217
2026141,2026-05-31,2158
2026142,2026-06-01,9161
2026143,2026-06-02,7440
2026144,2026-06-03,4626
2026145,2026-06-04,9930
2026146,2026-06-05,1549
2026147,2026-06-06,5905
2026148,2026-06-07,0656
2026149,2026-06-08,3253
2026150,2026-06-09,3407
2026151,2026-06-10,9839
2026152,2026-06-11,1514
2026153,2026-06-12,3894
2026154,2026-06-13,4738
2026155,2026-06-14,4854
2026156,2026-06-15,6417
2026157,2026-06-16,8303
2026158,2026-06-17,9113
2026159,2026-06-18,5576
2026160,2026-06-19,5516
2026161,2026-06-20,5620
2026162,2026-06-21,3696
2026163,2026-06-22,3464
2026164,2026-06-23,7157
2026165,2026-06-24,2944
2026166,2026-06-25,2295
2026167,2026-06-26,0123
2026168,2026-06-27,1927
2026169,2026-06-28,8847
2026170,2026-06-29,4177
2026171,2026-06-30,0481
2026172,2026-07-01,7711
2026173,2026-07-02,2597
2026174,2026-07-03,1576
2026175,2026-07-04,8381
2026176,2026-07-05,5848
2026177,2026-07-06,8267
2026178,2026-07-07,8379
2026179,2026-07-08,3962
2026180,2026-07-09,0057
2026181,2026-07-10,1244
2026182,2026-07-11,3134
2026183,2026-07-12,3526
2026184,2026-07-13,1424
2026185,2026-07-14,7857
2026186,2026-07-15,6650
2026187,2026-07-16,0867
2026188,2026-07-17,6077
2026189,2026-07-18,9506
2026190,2026-07-19,5540
2026191,2026-07-20,0698
2026192,2026-07-21,3061
2026193,2026-07-22,1806
2026194,2026-07-23,7010
2026195,2026-07-24,5951
